Year,State,County,CountyID,Income
2009,AL,Baldwin,BaldwinAL2009,48637
2010,AL,Baldwin,BaldwinAL2010,47618
2011,AL,Baldwin,BaldwinAL2011,50144
2012,AL,Baldwin,BaldwinAL2012,48867
2013,AL,Baldwin,BaldwinAL2013,47539
2014,AL,Baldwin,BaldwinAL2014,49626
2015,AL,Baldwin,BaldwinAL2015,52387
2016,AL,Baldwin,BaldwinAL2016,56460
2017,AL,Baldwin,BaldwinAL2017,56607
2018,AL,Baldwin,BaldwinAL2018,57588
2019,AL,Baldwin,BaldwinAL2019,59871
2009,ID,Ada,AdaID2009,53828
2010,ID,Ada,AdaID2010,50909
2011,ID,Ada,AdaID2011,50701
2012,ID,Ada,AdaID2012,54337
2013,ID,Ada,AdaID2013,53420
2014,ID,Ada,AdaID2014,57908
2015,ID,Ada,AdaID2015,58431
2016,ID,Ada,AdaID2016,61571
2017,ID,Ada,AdaID2017,61469
2018,ID,Ada,AdaID2018,66827
2019,ID,Ada,AdaID2019,72295
2009,VT,Addison,AddisonVT2009,52135
2010,VT,Addison,AddisonVT2010,51967
2011,VT,Addison,AddisonVT2011,54542
2012,VT,Addison,AddisonVT2012,55120
2013,VT,Addison,AddisonVT2013,54683
2014,VT,Addison,AddisonVT2014,59089
2015,VT,Addison,AddisonVT2015,58408
2016,VT,Addison,AddisonVT2016,59731
2017,VT,Addison,AddisonVT2017,59467
2018,VT,Addison,AddisonVT2018,68878
2019,VT,Addison,AddisonVT2019,73574
2009,CA,Alameda,AlamedaCA2009,68258
2010,CA,Alameda,AlamedaCA2010,66937
2011,CA,Alameda,AlamedaCA2011,67295
2012,CA,Alameda,AlamedaCA2012,70209
2013,CA,Alameda,AlamedaCA2013,72128
2014,CA,Alameda,AlamedaCA2014,76996
2015,CA,Alameda,AlamedaCA2015,81462
2016,CA,Alameda,AlamedaCA2016,89472
2017,CA,Alameda,AlamedaCA2017,95550
2018,CA,Alameda,AlamedaCA2018,101744
2019,CA,Alameda,AlamedaCA2019,107589
2009,NM,Alamos,AlamosNM2009,106148
2010,NM,Alamos,AlamosNM2010,105987
2011,NM,Alamos,AlamosNM2011,110204
2012,NM,Alamos,AlamosNM2012,112115
2013,NM,Alamos,AlamosNM2013,110930
2014,NM,Alamos,AlamosNM2014,108477
2015,NM,Alamos,AlamosNM2015,107126
2016,NM,Alamos,AlamosNM2016,114670
2017,NM,Alamos,AlamosNM2017,118380
2018,NM,Alamos,AlamosNM2018,124947
2019,NM,Alamos,AlamosNM2019,122001
2009,WY,Albany,AlbanyWY2009,40772
2010,WY,Albany,AlbanyWY2010,40430
2011,WY,Albany,AlbanyWY2011,45651
2012,WY,Albany,AlbanyWY2012,39248
2013,WY,Albany,AlbanyWY2013,42443
2014,WY,Albany,AlbanyWY2014,42838
2015,WY,Albany,AlbanyWY2015,44455
2016,WY,Albany,AlbanyWY2016,47355
2017,WY,Albany,AlbanyWY2017,44745
2018,WY,Albany,AlbanyWY2018,47561
2019,WY,Albany,AlbanyWY2019,52216
2009,LA,Ascension,AscensionLA2009,60995
2010,LA,Ascension,AscensionLA2010,62069
2011,LA,Ascension,AscensionLA2011,63305
2012,LA,Ascension,AscensionLA2012,65271
2013,LA,Ascension,AscensionLA2013,70303
2014,LA,Ascension,AscensionLA2014,67299
2015,LA,Ascension,AscensionLA2015,74852
2016,LA,Ascension,AscensionLA2016,74212
2017,LA,Ascension,AscensionLA2017,72154
2018,LA,Ascension,AscensionLA2018,77758
2019,LA,Ascension,AscensionLA2019,83072
2009,AR,Benton,BentonAR2009,49226
2010,AR,Benton,BentonAR2010,52417
2011,AR,Benton,BentonAR2011,52644
2012,AR,Benton,BentonAR2012,52717
2013,AR,Benton,BentonAR2013,56518
2014,AR,Benton,BentonAR2014,57408
2015,AR,Benton,BentonAR2015,60294
2016,AR,Benton,BentonAR2016,64072
2017,AR,Benton,BentonAR2017,64728
2018,AR,Benton,BentonAR2018,68978
2019,AR,Benton,BentonAR2019,70775
2009,WA,Benton,BentonWA2009,57603
2010,WA,Benton,BentonWA2010,59409
2011,WA,Benton,BentonWA2011,61539
2012,WA,Benton,BentonWA2012,58361
2013,WA,Benton,BentonWA2013,59264
2014,WA,Benton,BentonWA2014,58750
2015,WA,Benton,BentonWA2015,62698
2016,WA,Benton,BentonWA2016,63474
2017,WA,Benton,BentonWA2017,64717
2018,WA,Benton,BentonWA2018,69212
2019,WA,Benton,BentonWA2019,72847
2009,NJ,Bergen,BergenNJ2009,80604
2010,NJ,Bergen,BergenNJ2010,77059
2011,NJ,Bergen,BergenNJ2011,79037
2012,NJ,Bergen,BergenNJ2012,82001
2013,NJ,Bergen,BergenNJ2013,81615
2014,NJ,Bergen,BergenNJ2014,84309
2015,NJ,Bergen,BergenNJ2015,88512
2016,NJ,Bergen,BergenNJ2016,93205
2017,NJ,Bergen,BergenNJ2017,93805
2018,NJ,Bergen,BergenNJ2018,100181
2019,NJ,Bergen,BergenNJ2019,107971
2009,SC,Berkeley,BerkeleySC2009,49609
2010,SC,Berkeley,BerkeleySC2010,49284
2011,SC,Berkeley,BerkeleySC2011,49516
2012,SC,Berkeley,BerkeleySC2012,49872
2013,SC,Berkeley,BerkeleySC2013,50794
2014,SC,Berkeley,BerkeleySC2014,52436
2015,SC,Berkeley,BerkeleySC2015,55876
2016,SC,Berkeley,BerkeleySC2016,58690
2017,SC,Berkeley,BerkeleySC2017,57399
2018,SC,Berkeley,BerkeleySC2018,62204
2019,SC,Berkeley,BerkeleySC2019,68690
2009,WV,Berkeley,BerkeleyWV2009,51243
2010,WV,Berkeley,BerkeleyWV2010,50923
2011,WV,Berkeley,BerkeleyWV2011,51029
2012,WV,Berkeley,BerkeleyWV2012,52672
2013,WV,Berkeley,BerkeleyWV2013,54010
2014,WV,Berkeley,BerkeleyWV2014,56737
2015,WV,Berkeley,BerkeleyWV2015,54217
2016,WV,Berkeley,BerkeleyWV2016,56966
2017,WV,Berkeley,BerkeleyWV2017,59071
2018,WV,Berkeley,BerkeleyWV2018,59619
2019,WV,Berkeley,BerkeleyWV2019,63012
2009,AK,Bethel,BethelAK2009,41810
2010,AK,Bethel,BethelAK2010,45481
2011,AK,Bethel,BethelAK2011,43314
2012,AK,Bethel,BethelAK2012,41722
2013,AK,Bethel,BethelAK2013,42876
2014,AK,Bethel,BethelAK2014,45808
2015,AK,Bethel,BethelAK2015,44849
2016,AK,Bethel,BethelAK2016,46634
2017,AK,Bethel,BethelAK2017,45582
2018,AK,Bethel,BethelAK2018,44304
2019,AK,Bethel,BethelAK2019,48262
2009,IN,Boone,BooneIN2009,66166
2010,IN,Boone,BooneIN2010,66023
2011,IN,Boone,BooneIN2011,63717
2012,IN,Boone,BooneIN2012,69919
2013,IN,Boone,BooneIN2013,68047
2014,IN,Boone,BooneIN2014,68352
2015,IN,Boone,BooneIN2015,75163
2016,IN,Boone,BooneIN2016,80634
2017,IN,Boone,BooneIN2017,82670
2018,IN,Boone,BooneIN2018,85876
2019,IN,Boone,BooneIN2019,84137
2009,KY,Boone,BooneKY2009,67994
2010,KY,Boone,BooneKY2010,64005
2011,KY,Boone,BooneKY2011,64055
2012,KY,Boone,BooneKY2012,66085
2013,KY,Boone,BooneKY2013,65274
2014,KY,Boone,BooneKY2014,66939
2015,KY,Boone,BooneKY2015,68804
2016,KY,Boone,BooneKY2016,72942
2017,KY,Boone,BooneKY2017,78163
2018,KY,Boone,BooneKY2018,77696
2019,KY,Boone,BooneKY2019,78806
2009,MT,Broadwater,BroadwaterMT2009,42823
2010,MT,Broadwater,BroadwaterMT2010,40730
2011,MT,Broadwater,BroadwaterMT2011,44183
2012,MT,Broadwater,BroadwaterMT2012,45833
2013,MT,Broadwater,BroadwaterMT2013,46246
2014,MT,Broadwater,BroadwaterMT2014,49758
2015,MT,Broadwater,BroadwaterMT2015,51360
2016,MT,Broadwater,BroadwaterMT2016,50791
2017,MT,Broadwater,BroadwaterMT2017,54523
2018,MT,Broadwater,BroadwaterMT2018,52840
2019,MT,Broadwater,BroadwaterMT2019,60622
2009,NY,Bronx,BronxNY2009,32888
2010,NY,Bronx,BronxNY2010,32674
2011,NY,Bronx,BronxNY2011,32137
2012,NY,Bronx,BronxNY2012,32510
2013,NY,Bronx,BronxNY2013,33079
2014,NY,Bronx,BronxNY2014,33687
2015,NY,Bronx,BronxNY2015,35102
2016,NY,Bronx,BronxNY2016,37355
2017,NY,Bronx,BronxNY2017,37377
2018,NY,Bronx,BronxNY2018,38566
2019,NY,Bronx,BronxNY2019,41470
2009,CO,Broomfield,BroomfieldCO2009,77606
2010,CO,Broomfield,BroomfieldCO2010,76006
2011,CO,Broomfield,BroomfieldCO2011,79051
2012,CO,Broomfield,BroomfieldCO2012,81040
2013,CO,Broomfield,BroomfieldCO2013,79117
2014,CO,Broomfield,BroomfieldCO2014,85885
2015,CO,Broomfield,BroomfieldCO2015,86548
2016,CO,Broomfield,BroomfieldCO2016,86870
2017,CO,Broomfield,BroomfieldCO2017,91968
2018,CO,Broomfield,BroomfieldCO2018,96924
2019,CO,Broomfield,BroomfieldCO2019,106892
2009,WI,Brown,BrownWI2009,50926
2010,WI,Brown,BrownWI2010,51330
2011,WI,Brown,BrownWI2011,52744
2012,WI,Brown,BrownWI2012,51100
2013,WI,Brown,BrownWI2013,51956
2014,WI,Brown,BrownWI2014,54141
2015,WI,Brown,BrownWI2015,56003
2016,WI,Brown,BrownWI2016,58449
2017,WI,Brown,BrownWI2017,61240
2018,WI,Brown,BrownWI2018,62097
2019,WI,Brown,BrownWI2019,65494
2009,NC,Brunswick,BrunswickNC2009,44891
2010,NC,Brunswick,BrunswickNC2010,44186
2011,NC,Brunswick,BrunswickNC2011,42685
2012,NC,Brunswick,BrunswickNC2012,48624
2013,NC,Brunswick,BrunswickNC2013,47799
2014,NC,Brunswick,BrunswickNC2014,47387
2015,NC,Brunswick,BrunswickNC2015,48831
2016,NC,Brunswick,BrunswickNC2016,51457
2017,NC,Brunswick,BrunswickNC2017,56227
2018,NC,Brunswick,BrunswickNC2018,60163
2019,NC,Brunswick,BrunswickNC2019,63712
2009,OK,Bryan,BryanOK2009,35502
2010,OK,Bryan,BryanOK2010,36925
2011,OK,Bryan,BryanOK2011,34276
2012,OK,Bryan,BryanOK2012,37157
2013,OK,Bryan,BryanOK2013,36601
2014,OK,Bryan,BryanOK2014,38187
2015,OK,Bryan,BryanOK2015,40875
2016,OK,Bryan,BryanOK2016,39219
2017,OK,Bryan,BryanOK2017,41563
2018,OK,Bryan,BryanOK2018,43445
2019,OK,Bryan,BryanOK2019,44074
2009,GA,Bryan,BryanGA2009,58092
2010,GA,Bryan,BryanGA2010,65478
2011,GA,Bryan,BryanGA2011,63092
2012,GA,Bryan,BryanGA2012,61561
2013,GA,Bryan,BryanGA2013,66066
2014,GA,Bryan,BryanGA2014,66556
2015,GA,Bryan,BryanGA2015,69650
2016,GA,Bryan,BryanGA2016,77244
2017,GA,Bryan,BryanGA2017,73877
2018,GA,Bryan,BryanGA2018,79658
2019,GA,Bryan,BryanGA2019,79296
2009,NC,Cabarrus,CabarrusNC2009,52988
2010,NC,Cabarrus,CabarrusNC2010,49355
2011,NC,Cabarrus,CabarrusNC2011,50298
2012,NC,Cabarrus,CabarrusNC2012,55531
2013,NC,Cabarrus,CabarrusNC2013,55046
2014,NC,Cabarrus,CabarrusNC2014,55250
2015,NC,Cabarrus,CabarrusNC2015,57881
2016,NC,Cabarrus,CabarrusNC2016,63059
2017,NC,Cabarrus,CabarrusNC2017,62167
2018,NC,Cabarrus,CabarrusNC2018,69297
2019,NC,Cabarrus,CabarrusNC2019,72071
2009,OK,Canadian,CanadianOK2009,64492
2010,OK,Canadian,CanadianOK2010,57018
2011,OK,Canadian,CanadianOK2011,60225
2012,OK,Canadian,CanadianOK2012,62984
2013,OK,Canadian,CanadianOK2013,63889
2014,OK,Canadian,CanadianOK2014,68421
2015,OK,Canadian,CanadianOK2015,63291
2016,OK,Canadian,CanadianOK2016,68291
2017,OK,Canadian,CanadianOK2017,73878
2018,OK,Canadian,CanadianOK2018,70942
2019,OK,Canadian,CanadianOK2019,75111
2009,ID,Canyon,CanyonID2009,39457
2010,ID,Canyon,CanyonID2010,42419
2011,ID,Canyon,CanyonID2011,39132
2012,ID,Canyon,CanyonID2012,41700
2013,ID,Canyon,CanyonID2013,42237
2014,ID,Canyon,CanyonID2014,43489
2015,ID,Canyon,CanyonID2015,44585
2016,ID,Canyon,CanyonID2016,48461
2017,ID,Canyon,CanyonID2017,47915
2018,ID,Canyon,CanyonID2018,53381
2019,ID,Canyon,CanyonID2019,58670
2009,NH,Carroll,CarrollNH2009,49066
2010,NH,Carroll,CarrollNH2010,48236
2011,NH,Carroll,CarrollNH2011,45582
2012,NH,Carroll,CarrollNH2012,50495
2013,NH,Carroll,CarrollNH2013,50598
2014,NH,Carroll,CarrollNH2014,57556
2015,NH,Carroll,CarrollNH2015,54351
2016,NH,Carroll,CarrollNH2016,56836
2017,NH,Carroll,CarrollNH2017,58005
2018,NH,Carroll,CarrollNH2018,59413
2019,NH,Carroll,CarrollNH2019,64495
2009,MN,Carver,CarverMN2009,76554
2010,MN,Carver,CarverMN2010,81935
2011,MN,Carver,CarverMN2011,85314
2012,MN,Carver,CarverMN2012,85064
2013,MN,Carver,CarverMN2013,86759
2014,MN,Carver,CarverMN2014,88500
2015,MN,Carver,CarverMN2015,93857
2016,MN,Carver,CarverMN2016,94057
2017,MN,Carver,CarverMN2017,102511
2018,MN,Carver,CarverMN2018,104248
2019,MN,Carver,CarverMN2019,101891
2009,DE,Castle,CastleDE2009,62051
2010,DE,Castle,CastleDE2010,59877
2011,DE,Castle,CastleDE2011,63087
2012,DE,Castle,CastleDE2012,62086
2013,DE,Castle,CastleDE2013,63033
2014,DE,Castle,CastleDE2014,64632
2015,DE,Castle,CastleDE2015,66179
2016,DE,Castle,CastleDE2016,67246
2017,DE,Castle,CastleDE2017,66839
2018,DE,Castle,CastleDE2018,69562
2019,DE,Castle,CastleDE2019,76076
2009,PA,Centre,CentrePA2009,47966
2010,PA,Centre,CentrePA2010,45154
2011,PA,Centre,CentrePA2011,47222
2012,PA,Centre,CentrePA2012,50088
2013,PA,Centre,CentrePA2013,52559
2014,PA,Centre,CentrePA2014,51573
2015,PA,Centre,CentrePA2015,55084
2016,PA,Centre,CentrePA2016,59070
2017,PA,Centre,CentrePA2017,56366
2018,PA,Centre,CentrePA2018,58258
2019,PA,Centre,CentrePA2019,61036
2009,IL,Champaign,ChampaignIL2009,42101
2010,IL,Champaign,ChampaignIL2010,45803
2011,IL,Champaign,ChampaignIL2011,42847
2012,IL,Champaign,ChampaignIL2012,46708
2013,IL,Champaign,ChampaignIL2013,46917
2014,IL,Champaign,ChampaignIL2014,47966
2015,IL,Champaign,ChampaignIL2015,50813
2016,IL,Champaign,ChampaignIL2016,51032
2017,IL,Champaign,ChampaignIL2017,51466
2018,IL,Champaign,ChampaignIL2018,53251
2019,IL,Champaign,ChampaignIL2019,53485
2009,MD,Charles,CharlesMD2009,85899
2010,MD,Charles,CharlesMD2010,83078
2011,MD,Charles,CharlesMD2011,88575
2012,MD,Charles,CharlesMD2012,89203
2013,MD,Charles,CharlesMD2013,87577
2014,MD,Charles,CharlesMD2014,86703
2015,MD,Charles,CharlesMD2015,87941
2016,MD,Charles,CharlesMD2016,93947
2017,MD,Charles,CharlesMD2017,94478
2018,MD,Charles,CharlesMD2018,92616
2019,MD,Charles,CharlesMD2019,102510
2009,PA,Chester,ChesterPA2009,81380
2010,PA,Chester,ChesterPA2010,83829
2011,PA,Chester,ChesterPA2011,79508
2012,PA,Chester,ChesterPA2012,82456
2013,PA,Chester,ChesterPA2013,83775
2014,PA,Chester,ChesterPA2014,85613
2015,PA,Chester,ChesterPA2015,90555
2016,PA,Chester,ChesterPA2016,92551
2017,PA,Chester,ChesterPA2017,96803
2018,PA,Chester,ChesterPA2018,99224
2019,PA,Chester,ChesterPA2019,102233
2009,VT,Chittenden,ChittendenVT2009,60182
2010,VT,Chittenden,ChittendenVT2010,56016
2011,VT,Chittenden,ChittendenVT2011,60865
2012,VT,Chittenden,ChittendenVT2012,62374
2013,VT,Chittenden,ChittendenVT2013,62618
2014,VT,Chittenden,ChittendenVT2014,61908
2015,VT,Chittenden,ChittendenVT2015,67112
2016,VT,Chittenden,ChittendenVT2016,67833
2017,VT,Chittenden,ChittendenVT2017,65851
2018,VT,Chittenden,ChittendenVT2018,74240
2019,VT,Chittenden,ChittendenVT2019,76483
2009,MO,Christian,ChristianMO2009,51476
2010,MO,Christian,ChristianMO2010,48041
2011,MO,Christian,ChristianMO2011,50426
2012,MO,Christian,ChristianMO2012,52413
2013,MO,Christian,ChristianMO2013,51394
2014,MO,Christian,ChristianMO2014,51831
2015,MO,Christian,ChristianMO2015,54044
2016,MO,Christian,ChristianMO2016,54273
2017,MO,Christian,ChristianMO2017,58931
2018,MO,Christian,ChristianMO2018,58057
2019,MO,Christian,ChristianMO2019,63400
2009,NV,Clark,ClarkNV2009,53512
2010,NV,Clark,ClarkNV2010,51427
2011,NV,Clark,ClarkNV2011,48343
2012,NV,Clark,ClarkNV2012,49583
2013,NV,Clark,ClarkNV2013,51071
2014,NV,Clark,ClarkNV2014,51241
2015,NV,Clark,ClarkNV2015,51624
2016,NV,Clark,ClarkNV2016,54455
2017,NV,Clark,ClarkNV2017,57217
2018,NV,Clark,ClarkNV2018,57155
2019,NV,Clark,ClarkNV2019,62131
2009,MO,Clay,ClayMO2009,57983
2010,MO,Clay,ClayMO2010,55835
2011,MO,Clay,ClayMO2011,59039
2012,MO,Clay,ClayMO2012,58151
2013,MO,Clay,ClayMO2013,60641
2014,MO,Clay,ClayMO2014,61598
2015,MO,Clay,ClayMO2015,65106
2016,MO,Clay,ClayMO2016,65973
2017,MO,Clay,ClayMO2017,67666
2018,MO,Clay,ClayMO2018,68943
2019,MO,Clay,ClayMO2019,70705
2009,GA,Columbia,ColumbiaGA2009,68986
2010,GA,Columbia,ColumbiaGA2010,64435
2011,GA,Columbia,ColumbiaGA2011,62717
2012,GA,Columbia,ColumbiaGA2012,69582
2013,GA,Columbia,ColumbiaGA2013,72531
2014,GA,Columbia,ColumbiaGA2014,68067
2015,GA,Columbia,ColumbiaGA2015,75232
2016,GA,Columbia,ColumbiaGA2016,74908
2017,GA,Columbia,ColumbiaGA2017,75832
2018,GA,Columbia,ColumbiaGA2018,82184
2019,GA,Columbia,ColumbiaGA2019,88285
2009,TX,Comal,ComalTX2009,62642
2010,TX,Comal,ComalTX2010,61573
2011,TX,Comal,ComalTX2011,59754
2012,TX,Comal,ComalTX2012,59081
2013,TX,Comal,ComalTX2013,70322
2014,TX,Comal,ComalTX2014,64533
2015,TX,Comal,ComalTX2015,68362
2016,TX,Comal,ComalTX2016,76296
2017,TX,Comal,ComalTX2017,72562
2018,TX,Comal,ComalTX2018,76523
2019,TX,Comal,ComalTX2019,87976
2009,CA,Costa,CostaCA2009,75084
2010,CA,Costa,CostaCA2010,73678
2011,CA,Costa,CostaCA2011,74241
2012,CA,Costa,CostaCA2012,74208
2013,CA,Costa,CostaCA2013,78909
2014,CA,Costa,CostaCA2014,80338
2015,CA,Costa,CostaCA2015,83036
2016,CA,Costa,CostaCA2016,90920
2017,CA,Costa,CostaCA2017,95062
2018,CA,Costa,CostaCA2018,101463
2019,CA,Costa,CostaCA2019,106555
2009,AR,Craighead,CraigheadAR2009,39526
2010,AR,Craighead,CraigheadAR2010,37780
2011,AR,Craighead,CraigheadAR2011,39410
2012,AR,Craighead,CraigheadAR2012,42437
2013,AR,Craighead,CraigheadAR2013,41608
2014,AR,Craighead,CraigheadAR2014,42851
2015,AR,Craighead,CraigheadAR2015,42460
2016,AR,Craighead,CraigheadAR2016,44091
2017,AR,Craighead,CraigheadAR2017,49355
2018,AR,Craighead,CraigheadAR2018,45615
2019,AR,Craighead,CraigheadAR2019,47766
2009,OR,Crook,CrookOR2009,42342
2010,OR,Crook,CrookOR2010,39867
2011,OR,Crook,CrookOR2011,37473
2012,OR,Crook,CrookOR2012,41232
2013,OR,Crook,CrookOR2013,43343
2014,OR,Crook,CrookOR2014,38155
2015,OR,Crook,CrookOR2015,45046
2016,OR,Crook,CrookOR2016,45350
2017,OR,Crook,CrookOR2017,47940
2018,OR,Crook,CrookOR2018,51348
2019,OR,Crook,CrookOR2019,58739
2009,WY,Crook,CrookWY2009,50581
2010,WY,Crook,CrookWY2010,53961
2011,WY,Crook,CrookWY2011,55294
2012,WY,Crook,CrookWY2012,53781
2013,WY,Crook,CrookWY2013,59490
2014,WY,Crook,CrookWY2014,59701
2015,WY,Crook,CrookWY2015,64851
2016,WY,Crook,CrookWY2016,60953
2017,WY,Crook,CrookWY2017,61664
2018,WY,Crook,CrookWY2018,64053
2019,WY,Crook,CrookWY2019,64120
2009,ME,Cumberland,CumberlandME2009,52459
2010,ME,Cumberland,CumberlandME2010,57424
2011,ME,Cumberland,CumberlandME2011,55459
2012,ME,Cumberland,CumberlandME2012,55456
2013,ME,Cumberland,CumberlandME2013,55020
2014,ME,Cumberland,CumberlandME2014,61436
2015,ME,Cumberland,CumberlandME2015,63191
2016,ME,Cumberland,CumberlandME2016,65475
2017,ME,Cumberland,CumberlandME2017,70661
2018,ME,Cumberland,CumberlandME2018,71586
2019,ME,Cumberland,CumberlandME2019,75254
2009,PA,Cumberland,CumberlandPA2009,58116
2010,PA,Cumberland,CumberlandPA2010,56288
2011,PA,Cumberland,CumberlandPA2011,58722
2012,PA,Cumberland,CumberlandPA2012,57982
2013,PA,Cumberland,CumberlandPA2013,60134
2014,PA,Cumberland,CumberlandPA2014,62692
2015,PA,Cumberland,CumberlandPA2015,63926
2016,PA,Cumberland,CumberlandPA2016,64116
2017,PA,Cumberland,CumberlandPA2017,69222
2018,PA,Cumberland,CumberlandPA2018,71695
2019,PA,Cumberland,CumberlandPA2019,75269
2009,CO,Custer,CusterCO2009,45898
2010,CO,Custer,CusterCO2010,42951
2011,CO,Custer,CusterCO2011,45791
2012,CO,Custer,CusterCO2012,46744
2013,CO,Custer,CusterCO2013,47268
2014,CO,Custer,CusterCO2014,48368
2015,CO,Custer,CusterCO2015,43995
2016,CO,Custer,CusterCO2016,52021
2017,CO,Custer,CusterCO2017,54080
2018,CO,Custer,CusterCO2018,55242
2019,CO,Custer,CusterCO2019,57381
2009,IA,Dallas,DallasIA2009,71854
2010,IA,Dallas,DallasIA2010,68568
2011,IA,Dallas,DallasIA2011,72146
2012,IA,Dallas,DallasIA2012,73052
2013,IA,Dallas,DallasIA2013,79309
2014,IA,Dallas,DallasIA2014,79173
2015,IA,Dallas,DallasIA2015,81381
2016,IA,Dallas,DallasIA2016,82123
2017,IA,Dallas,DallasIA2017,90133
2018,IA,Dallas,DallasIA2018,87267
2019,IA,Dallas,DallasIA2019,97535
2009,WI,Dane,DaneWI2009,58002
2010,WI,Dane,DaneWI2010,58958
2011,WI,Dane,DaneWI2011,60489
2012,WI,Dane,DaneWI2012,60119
2013,WI,Dane,DaneWI2013,60326
2014,WI,Dane,DaneWI2014,61937
2015,WI,Dane,DaneWI2015,65416
2016,WI,Dane,DaneWI2016,70815
2017,WI,Dane,DaneWI2017,72385
2018,WI,Dane,DaneWI2018,71789
2019,WI,Dane,DaneWI2019,77828
2009,OH,Delaware,DelawareOH2009,84762
2010,OH,Delaware,DelawareOH2010,85628
2011,OH,Delaware,DelawareOH2011,86980
2012,OH,Delaware,DelawareOH2012,87470
2013,OH,Delaware,DelawareOH2013,89016
2014,OH,Delaware,DelawareOH2014,97802
2015,OH,Delaware,DelawareOH2015,97679
2016,OH,Delaware,DelawareOH2016,102990
2017,OH,Delaware,DelawareOH2017,107676
2018,OH,Delaware,DelawareOH2018,103536
2019,OH,Delaware,DelawareOH2019,110252
2009,AK,Denali,DenaliAK2009,62615
2010,AK,Denali,DenaliAK2010,61004
2011,AK,Denali,DenaliAK2011,68899
2012,AK,Denali,DenaliAK2012,66325
2013,AK,Denali,DenaliAK2013,68103
2014,AK,Denali,DenaliAK2014,69692
2015,AK,Denali,DenaliAK2015,73000
2016,AK,Denali,DenaliAK2016,72378
2017,AK,Denali,DenaliAK2017,73220
2018,AK,Denali,DenaliAK2018,75477
2019,AK,Denali,DenaliAK2019,78434
2009,CO,Denver,DenverCO2009,46693
2010,CO,Denver,DenverCO2010,45415
2011,CO,Denver,DenverCO2011,47584
2012,CO,Denver,DenverCO2012,50455
2013,CO,Denver,DenverCO2013,51156
2014,CO,Denver,DenverCO2014,54872
2015,CO,Denver,DenverCO2015,57886
2016,CO,Denver,DenverCO2016,61038
2017,CO,Denver,DenverCO2017,64974
2018,CO,Denver,DenverCO2018,68069
2019,CO,Denver,DenverCO2019,75456
2009,OR,Deschutes,DeschutesOR2009,51959
2010,OR,Deschutes,DeschutesOR2010,46631
2011,OR,Deschutes,DeschutesOR2011,47924
2012,OR,Deschutes,DeschutesOR2012,48591
2013,OR,Deschutes,DeschutesOR2013,49427
2014,OR,Deschutes,DeschutesOR2014,52387
2015,OR,Deschutes,DeschutesOR2015,56911
2016,OR,Deschutes,DeschutesOR2016,61248
2017,OR,Deschutes,DeschutesOR2017,65506
2018,OR,Deschutes,DeschutesOR2018,67372
2019,OR,Deschutes,DeschutesOR2019,71880
2009,MS,DeSoto,DeSotoMS2009,55160
2010,MS,DeSoto,DeSotoMS2010,58979
2011,MS,DeSoto,DeSotoMS2011,54495
2012,MS,DeSoto,DeSotoMS2012,55011
2013,MS,DeSoto,DeSotoMS2013,59043
2014,MS,DeSoto,DeSotoMS2014,58479
2015,MS,DeSoto,DeSotoMS2015,60610
2016,MS,DeSoto,DeSotoMS2016,64138
2017,MS,DeSoto,DeSotoMS2017,66125
2018,MS,DeSoto,DeSotoMS2018,68126
2019,MS,DeSoto,DeSotoMS2019,67450
2009,WV,Doddridge,DoddridgeWV2009,32803
2010,WV,Doddridge,DoddridgeWV2010,34444
2011,WV,Doddridge,DoddridgeWV2011,35261
2012,WV,Doddridge,DoddridgeWV2012,34753
2013,WV,Doddridge,DoddridgeWV2013,39399
2014,WV,Doddridge,DoddridgeWV2014,41838
2015,WV,Doddridge,DoddridgeWV2015,41115
2016,WV,Doddridge,DoddridgeWV2016,40524
2017,WV,Doddridge,DoddridgeWV2017,44370
2018,WV,Doddridge,DoddridgeWV2018,44725
2019,WV,Doddridge,DoddridgeWV2019,50642
2009,CO,Douglas,DouglasCO2009,100447
2010,CO,Douglas,DouglasCO2010,97806
2011,CO,Douglas,DouglasCO2011,95973
2012,CO,Douglas,DouglasCO2012,98426
2013,CO,Douglas,DouglasCO2013,105192
2014,CO,Douglas,DouglasCO2014,107250
2015,CO,Douglas,DouglasCO2015,109926
2016,CO,Douglas,DouglasCO2016,112399
2017,CO,Douglas,DouglasCO2017,112386
2018,CO,Douglas,DouglasCO2018,120670
2019,CO,Douglas,DouglasCO2019,123697
2009,KS,Douglas,DouglasKS2009,44309
2010,KS,Douglas,DouglasKS2010,47335
2011,KS,Douglas,DouglasKS2011,47930
2012,KS,Douglas,DouglasKS2012,48813
2013,KS,Douglas,DouglasKS2013,51221
2014,KS,Douglas,DouglasKS2014,49246
2015,KS,Douglas,DouglasKS2015,52447
2016,KS,Douglas,DouglasKS2016,55446
2017,KS,Douglas,DouglasKS2017,56007
2018,KS,Douglas,DouglasKS2018,57120
2019,KS,Douglas,DouglasKS2019,62559
2009,NE,Douglas,DouglasNE2009,49944
2010,NE,Douglas,DouglasNE2010,50270
2011,NE,Douglas,DouglasNE2011,51741
2012,NE,Douglas,DouglasNE2012,51189
2013,NE,Douglas,DouglasNE2013,51959
2014,NE,Douglas,DouglasNE2014,52842
2015,NE,Douglas,DouglasNE2015,58405
2016,NE,Douglas,DouglasNE2016,59226
2017,NE,Douglas,DouglasNE2017,61706
2018,NE,Douglas,DouglasNE2018,64580
2019,NE,Douglas,DouglasNE2019,67264
2009,ND,Dunn,DunnND2009,44681
2010,ND,Dunn,DunnND2010,49682
2011,ND,Dunn,DunnND2011,55353
2012,ND,Dunn,DunnND2012,62424
2013,ND,Dunn,DunnND2013,69914
2014,ND,Dunn,DunnND2014,72018
2015,ND,Dunn,DunnND2015,73135
2016,ND,Dunn,DunnND2016,67375
2017,ND,Dunn,DunnND2017,67337
2018,ND,Dunn,DunnND2018,66383
2019,ND,Dunn,DunnND2019,75723
2009,NM,Eddy,EddyNM2009,47117
2010,NM,Eddy,EddyNM2010,43240
2011,NM,Eddy,EddyNM2011,46212
2012,NM,Eddy,EddyNM2012,48001
2013,NM,Eddy,EddyNM2013,49865
2014,NM,Eddy,EddyNM2014,57007
2015,NM,Eddy,EddyNM2015,60407
2016,NM,Eddy,EddyNM2016,57287
2017,NM,Eddy,EddyNM2017,52932
2018,NM,Eddy,EddyNM2018,58320
2019,NM,Eddy,EddyNM2019,63671
2009,GA,Effingham,EffinghamGA2009,54678
2010,GA,Effingham,EffinghamGA2010,60017
2011,GA,Effingham,EffinghamGA2011,59502
2012,GA,Effingham,EffinghamGA2012,62568
2013,GA,Effingham,EffinghamGA2013,61062
2014,GA,Effingham,EffinghamGA2014,61195
2015,GA,Effingham,EffinghamGA2015,63255
2016,GA,Effingham,EffinghamGA2016,63776
2017,GA,Effingham,EffinghamGA2017,68109
2018,GA,Effingham,EffinghamGA2018,65793
2019,GA,Effingham,EffinghamGA2019,71628
2009,NV,Elko,ElkoNV2009,62091
2010,NV,Elko,ElkoNV2010,66210
2011,NV,Elko,ElkoNV2011,62937
2012,NV,Elko,ElkoNV2012,68759
2013,NV,Elko,ElkoNV2013,71354
2014,NV,Elko,ElkoNV2014,72648
2015,NV,Elko,ElkoNV2015,76518
2016,NV,Elko,ElkoNV2016,70242
2017,NV,Elko,ElkoNV2017,76439
2018,NV,Elko,ElkoNV2018,79134
2019,NV,Elko,ElkoNV2019,83287
2009,MA,Essex,EssexMA2009,62758
2010,MA,Essex,EssexMA2010,61604
2011,MA,Essex,EssexMA2011,64303
2012,MA,Essex,EssexMA2012,67408
2013,MA,Essex,EssexMA2013,67235
2014,MA,Essex,EssexMA2014,70074
2015,MA,Essex,EssexMA2015,68237
2016,MA,Essex,EssexMA2016,73503
2017,MA,Essex,EssexMA2017,75309
2018,MA,Essex,EssexMA2018,76373
2019,MA,Essex,EssexMA2019,83253
2009,NJ,Essex,EssexNJ2009,53712
2010,NJ,Essex,EssexNJ2010,52288
2011,NJ,Essex,EssexNJ2011,51021
2012,NJ,Essex,EssexNJ2012,51019
2013,NJ,Essex,EssexNJ2013,53358
2014,NJ,Essex,EssexNJ2014,54603
2015,NJ,Essex,EssexNJ2015,52206
2016,NJ,Essex,EssexNJ2016,54879
2017,NJ,Essex,EssexNJ2017,60284
2018,NJ,Essex,EssexNJ2018,62875
2019,NJ,Essex,EssexNJ2019,64522
2009,CT,Fairfield,FairfieldCT2009,78892
2010,CT,Fairfield,FairfieldCT2010,74634
2011,CT,Fairfield,FairfieldCT2011,77065
2012,CT,Fairfield,FairfieldCT2012,79536
2013,CT,Fairfield,FairfieldCT2013,81816
2014,CT,Fairfield,FairfieldCT2014,85336
2015,CT,Fairfield,FairfieldCT2015,86297
2016,CT,Fairfield,FairfieldCT2016,89954
2017,CT,Fairfield,FairfieldCT2017,91170
2018,CT,Fairfield,FairfieldCT2018,91183
2019,CT,Fairfield,FairfieldCT2019,96966
2009,OH,Fairfield,FairfieldOH2009,52290
2010,OH,Fairfield,FairfieldOH2010,55805
2011,OH,Fairfield,FairfieldOH2011,58829
2012,OH,Fairfield,FairfieldOH2012,58884
2013,OH,Fairfield,FairfieldOH2013,56697
2014,OH,Fairfield,FairfieldOH2014,59921
2015,OH,Fairfield,FairfieldOH2015,61450
2016,OH,Fairfield,FairfieldOH2016,65198
2017,OH,Fairfield,FairfieldOH2017,67276
2018,OH,Fairfield,FairfieldOH2018,67654
2019,OH,Fairfield,FairfieldOH2019,71782
2009,VA,FallsChurch,FallsChurchVA2009,106042
2010,VA,FallsChurch,FallsChurchVA2010,105124
2011,VA,FallsChurch,FallsChurchVA2011,117481
2012,VA,FallsChurch,FallsChurchVA2012,121250
2013,VA,FallsChurch,FallsChurchVA2013,117452
2014,VA,FallsChurch,FallsChurchVA2014,125635
2015,VA,FallsChurch,FallsChurchVA2015,122092
2016,VA,FallsChurch,FallsChurchVA2016,118035
2017,VA,FallsChurch,FallsChurchVA2017,123923
2018,VA,FallsChurch,FallsChurchVA2018,137551
2019,VA,FallsChurch,FallsChurchVA2019,137849
2009,AR,Faulkner,FaulknerAR2009,48390
2010,AR,Faulkner,FaulknerAR2010,46199
2011,AR,Faulkner,FaulknerAR2011,49314
2012,AR,Faulkner,FaulknerAR2012,49843
2013,AR,Faulkner,FaulknerAR2013,49936
2014,AR,Faulkner,FaulknerAR2014,51436
2015,AR,Faulkner,FaulknerAR2015,51157
2016,AR,Faulkner,FaulknerAR2016,50909
2017,AR,Faulkner,FaulknerAR2017,51535
2018,AR,Faulkner,FaulknerAR2018,53882
2019,AR,Faulkner,FaulknerAR2019,58482
2009,MT,Flathead,FlatheadMT2009,45594
2010,MT,Flathead,FlatheadMT2010,42278
2011,MT,Flathead,FlatheadMT2011,44006
2012,MT,Flathead,FlatheadMT2012,45742
2013,MT,Flathead,FlatheadMT2013,46885
2014,MT,Flathead,FlatheadMT2014,47351
2015,MT,Flathead,FlatheadMT2015,48063
2016,MT,Flathead,FlatheadMT2016,50249
2017,MT,Flathead,FlatheadMT2017,57389
2018,MT,Flathead,FlatheadMT2018,54382
2019,MT,Flathead,FlatheadMT2019,61334
2009,GA,Forsyth,ForsythGA2009,84567
2010,GA,Forsyth,ForsythGA2010,81629
2011,GA,Forsyth,ForsythGA2011,85137
2012,GA,Forsyth,ForsythGA2012,87380
2013,GA,Forsyth,ForsythGA2013,87565
2014,GA,Forsyth,ForsythGA2014,86413
2015,GA,Forsyth,ForsythGA2015,97886
2016,GA,Forsyth,ForsythGA2016,101804
2017,GA,Forsyth,ForsythGA2017,103083
2018,GA,Forsyth,ForsythGA2018,105921
2019,GA,Forsyth,ForsythGA2019,113332
2009,TX,FortBend,FortBendTX2009,80548
2010,TX,FortBend,FortBendTX2010,76758
2011,TX,FortBend,FortBendTX2011,82147
2012,TX,FortBend,FortBendTX2012,86037
2013,TX,FortBend,FortBendTX2013,87901
2014,TX,FortBend,FortBendTX2014,88516
2015,TX,FortBend,FortBendTX2015,95117
2016,TX,FortBend,FortBendTX2016,90972
2017,TX,FortBend,FortBendTX2017,91661
2018,TX,FortBend,FortBendTX2018,92310
2019,TX,FortBend,FortBendTX2019,101361
2009,OH,Franklin,FranklinOH2009,47460
2010,OH,Franklin,FranklinOH2010,47621
2011,OH,Franklin,FranklinOH2011,47174
2012,OH,Franklin,FranklinOH2012,50053
2013,OH,Franklin,FranklinOH2013,51456
2014,OH,Franklin,FranklinOH2014,53164
2015,OH,Franklin,FranklinOH2015,53939
2016,OH,Franklin,FranklinOH2016,56090
2017,OH,Franklin,FranklinOH2017,59214
2018,OH,Franklin,FranklinOH2018,60383
2019,OH,Franklin,FranklinOH2019,64648
2009,MD,Frederick,FrederickMD2009,82598
2010,MD,Frederick,FrederickMD2010,80216
2011,MD,Frederick,FrederickMD2011,77872
2012,MD,Frederick,FrederickMD2012,80427
2013,MD,Frederick,FrederickMD2013,83489
2014,MD,Frederick,FrederickMD2014,83698
2015,MD,Frederick,FrederickMD2015,83746
2016,MD,Frederick,FrederickMD2016,89541
2017,MD,Frederick,FrederickMD2017,91727
2018,MD,Frederick,FrederickMD2018,95196
2019,MD,Frederick,FrederickMD2019,102951
2009,VA,Fredericksburg,FredericksburgVA2009,44211
2010,VA,Fredericksburg,FredericksburgVA2010,43460
2011,VA,Fredericksburg,FredericksburgVA2011,50522
2012,VA,Fredericksburg,FredericksburgVA2012,47297
2013,VA,Fredericksburg,FredericksburgVA2013,48152
2014,VA,Fredericksburg,FredericksburgVA2014,51195
2015,VA,Fredericksburg,FredericksburgVA2015,50710
2016,VA,Fredericksburg,FredericksburgVA2016,53714
2017,VA,Fredericksburg,FredericksburgVA2017,56580
2018,VA,Fredericksburg,FredericksburgVA2018,58448
2019,VA,Fredericksburg,FredericksburgVA2019,62121
2009,MT,Gallatin,GallatinMT2009,47065
2010,MT,Gallatin,GallatinMT2010,49354
2011,MT,Gallatin,GallatinMT2011,50042
2012,MT,Gallatin,GallatinMT2012,51394
2013,MT,Gallatin,GallatinMT2013,56680
2014,MT,Gallatin,GallatinMT2014,51569
2015,MT,Gallatin,GallatinMT2015,57358
2016,MT,Gallatin,GallatinMT2016,60439
2017,MT,Gallatin,GallatinMT2017,61446
2018,MT,Gallatin,GallatinMT2018,67569
2019,MT,Gallatin,GallatinMT2019,73731
2009,VT,GrandIsle,GrandIsleVT2009,51993
2010,VT,GrandIsle,GrandIsleVT2010,54907
2011,VT,GrandIsle,GrandIsleVT2011,56241
2012,VT,GrandIsle,GrandIsleVT2012,54915
2013,VT,GrandIsle,GrandIsleVT2013,57559
2014,VT,GrandIsle,GrandIsleVT2014,60081
2015,VT,GrandIsle,GrandIsleVT2015,68342
2016,VT,GrandIsle,GrandIsleVT2016,65601
2017,VT,GrandIsle,GrandIsleVT2017,61971
2018,VT,GrandIsle,GrandIsleVT2018,67746
2019,VT,GrandIsle,GrandIsleVT2019,68364
2009,MI,GrandTraverse,GrandTraverseMI2009,49076
2010,MI,GrandTraverse,GrandTraverseMI2010,47442
2011,MI,GrandTraverse,GrandTraverseMI2011,46786
2012,MI,GrandTraverse,GrandTraverseMI2012,51030
2013,MI,GrandTraverse,GrandTraverseMI2013,50755
2014,MI,GrandTraverse,GrandTraverseMI2014,55592
2015,MI,GrandTraverse,GrandTraverseMI2015,54874
2016,MI,GrandTraverse,GrandTraverseMI2016,57367
2017,MI,GrandTraverse,GrandTraverseMI2017,59674
2018,MI,GrandTraverse,GrandTraverseMI2018,64591
2019,MI,GrandTraverse,GrandTraverseMI2019,65041
2009,AZ,Greenlee,GreenleeAZ2009,56855
2010,AZ,Greenlee,GreenleeAZ2010,49592
2011,AZ,Greenlee,GreenleeAZ2011,51145
2012,AZ,Greenlee,GreenleeAZ2012,53312
2013,AZ,Greenlee,GreenleeAZ2013,54673
2014,AZ,Greenlee,GreenleeAZ2014,59416
2015,AZ,Greenlee,GreenleeAZ2015,58854
2016,AZ,Greenlee,GreenleeAZ2016,61110
2017,AZ,Greenlee,GreenleeAZ2017,63557
2018,AZ,Greenlee,GreenleeAZ2018,65818
2019,AZ,Greenlee,GreenleeAZ2019,68066
2009,IL,Grundy,GrundyIL2009,63349
2010,IL,Grundy,GrundyIL2010,60130
2011,IL,Grundy,GrundyIL2011,63685
2012,IL,Grundy,GrundyIL2012,63167
2013,IL,Grundy,GrundyIL2013,68474
2014,IL,Grundy,GrundyIL2014,70092
2015,IL,Grundy,GrundyIL2015,71928
2016,IL,Grundy,GrundyIL2016,71969
2017,IL,Grundy,GrundyIL2017,76214
2018,IL,Grundy,GrundyIL2018,79348
2019,IL,Grundy,GrundyIL2019,83135
2009,IN,Hamilton,HamiltonIN2009,76878
2010,IN,Hamilton,HamiltonIN2010,82054
2011,IN,Hamilton,HamiltonIN2011,84939
2012,IN,Hamilton,HamiltonIN2012,88429
2013,IN,Hamilton,HamiltonIN2013,84022
2014,IN,Hamilton,HamiltonIN2014,89861
2015,IN,Hamilton,HamiltonIN2015,91844
2016,IN,Hamilton,HamiltonIN2016,92406
2017,IN,Hamilton,HamiltonIN2017,95080
2018,IN,Hamilton,HamiltonIN2018,101740
2019,IN,Hamilton,HamiltonIN2019,107710
2009,ME,Hancock,HancockME2009,48018
2010,ME,Hancock,HancockME2010,41106
2011,ME,Hancock,HancockME2011,44599
2012,ME,Hancock,HancockME2012,45564
2013,ME,Hancock,HancockME2013,44463
2014,ME,Hancock,HancockME2014,45807
2015,ME,Hancock,HancockME2015,48601
2016,ME,Hancock,HancockME2016,53941
2017,ME,Hancock,HancockME2017,51009
2018,ME,Hancock,HancockME2018,52148
2019,ME,Hancock,HancockME2019,58926
2009,MS,Harrison,HarrisonMS2009,42337
2010,MS,Harrison,HarrisonMS2010,41522
2011,MS,Harrison,HarrisonMS2011,39046
2012,MS,Harrison,HarrisonMS2012,40782
2013,MS,Harrison,HarrisonMS2013,41657
2014,MS,Harrison,HarrisonMS2014,41010
2015,MS,Harrison,HarrisonMS2015,42370
2016,MS,Harrison,HarrisonMS2016,42988
2017,MS,Harrison,HarrisonMS2017,46709
2018,MS,Harrison,HarrisonMS2018,45355
2019,MS,Harrison,HarrisonMS2019,49619
2009,CT,Hartford,HartfordCT2009,61962
2010,CT,Hartford,HartfordCT2010,60028
2011,CT,Hartford,HartfordCT2011,60947
2012,CT,Hartford,HartfordCT2012,63374
2013,CT,Hartford,HartfordCT2013,63491
2014,CT,Hartford,HartfordCT2014,65809
2015,CT,Hartford,HartfordCT2015,69260
2016,CT,Hartford,HartfordCT2016,69341
2017,CT,Hartford,HartfordCT2017,70433
2018,CT,Hartford,HartfordCT2018,73037
2019,CT,Hartford,HartfordCT2019,75336
2009,HI,Hawaii,HawaiiHI2009,50739
2010,HI,Hawaii,HawaiiHI2010,46444
2011,HI,Hawaii,HawaiiHI2011,46186
2012,HI,Hawaii,HawaiiHI2012,49048
2013,HI,Hawaii,HawaiiHI2013,47377
2014,HI,Hawaii,HawaiiHI2014,51887
2015,HI,Hawaii,HawaiiHI2015,54914
2016,HI,Hawaii,HawaiiHI2016,54684
2017,HI,Hawaii,HawaiiHI2017,56540
2018,HI,Hawaii,HawaiiHI2018,56383
2019,HI,Hawaii,HawaiiHI2019,64929
2009,TX,Hays,HaysTX2009,53113
2010,TX,Hays,HaysTX2010,57051
2011,TX,Hays,HaysTX2011,56557
2012,TX,Hays,HaysTX2012,55819
2013,TX,Hays,HaysTX2013,59260
2014,TX,Hays,HaysTX2014,59569
2015,TX,Hays,HaysTX2015,61121
2016,TX,Hays,HaysTX2016,64864
2017,TX,Hays,HaysTX2017,66525
2018,TX,Hays,HaysTX2018,68180
2019,TX,Hays,HaysTX2019,72890
2009,IN,Hendricks,HendricksIN2009,67011
2010,IN,Hendricks,HendricksIN2010,66080
2011,IN,Hendricks,HendricksIN2011,64239
2012,IN,Hendricks,HendricksIN2012,70886
2013,IN,Hendricks,HendricksIN2013,68575
2014,IN,Hendricks,HendricksIN2014,70358
2015,IN,Hendricks,HendricksIN2015,73478
2016,IN,Hendricks,HendricksIN2016,78464
2017,IN,Hendricks,HendricksIN2017,75647
2018,IN,Hendricks,HendricksIN2018,80834
2019,IN,Hendricks,HendricksIN2019,85827
2009,NH,Hillsborough,HillsboroughNH2009,64455
2010,NH,Hillsborough,HillsboroughNH2010,67650
2011,NH,Hillsborough,HillsboroughNH2011,66275
2012,NH,Hillsborough,HillsboroughNH2012,68150
2013,NH,Hillsborough,HillsboroughNH2013,67162
2014,NH,Hillsborough,HillsboroughNH2014,71233
2015,NH,Hillsborough,HillsboroughNH2015,73474
2016,NH,Hillsborough,HillsboroughNH2016,75997
2017,NH,Hillsborough,HillsboroughNH2017,78171
2018,NH,Hillsborough,HillsboroughNH2018,78714
2019,NH,Hillsborough,HillsboroughNH2019,82862
2009,HI,Honolulu,HonoluluHI2009,67019
2010,HI,Honolulu,HonoluluHI2010,67519
2011,HI,Honolulu,HonoluluHI2011,65489
2012,HI,Honolulu,HonoluluHI2012,70779
2013,HI,Honolulu,HonoluluHI2013,72649
2014,HI,Honolulu,HonoluluHI2014,73985
2015,HI,Honolulu,HonoluluHI2015,76544
2016,HI,Honolulu,HonoluluHI2016,80012
2017,HI,Honolulu,HonoluluHI2017,80947
2018,HI,Honolulu,HonoluluHI2018,83695
2019,HI,Honolulu,HonoluluHI2019,86946
2009,SC,Horry,HorrySC2009,41163
2010,SC,Horry,HorrySC2010,40697
2011,SC,Horry,HorrySC2011,38807
2012,SC,Horry,HorrySC2012,40249
2013,SC,Horry,HorrySC2013,41808
2014,SC,Horry,HorrySC2014,42830
2015,SC,Horry,HorrySC2015,47083
2016,SC,Horry,HorrySC2016,45608
2017,SC,Horry,HorrySC2017,45979
2018,SC,Horry,HorrySC2018,49082
2019,SC,Horry,HorrySC2019,53648
2009,MD,Howard,HowardMD2009,101417
2010,MD,Howard,HowardMD2010,100992
2011,MD,Howard,HowardMD2011,99040
2012,MD,Howard,HowardMD2012,108234
2013,MD,Howard,HowardMD2013,108503
2014,MD,Howard,HowardMD2014,106871
2015,MD,Howard,HowardMD2015,110224
2016,MD,Howard,HowardMD2016,119386
2017,MD,Howard,HowardMD2017,111576
2018,MD,Howard,HowardMD2018,116719
2019,MD,Howard,HowardMD2019,121329
2009,NJ,Hudson,HudsonNJ2009,55767
2010,NJ,Hudson,HudsonNJ2010,53547
2011,NJ,Hudson,HudsonNJ2011,55133
2012,NJ,Hudson,HudsonNJ2012,56087
2013,NJ,Hudson,HudsonNJ2013,55699
2014,NJ,Hudson,HudsonNJ2014,57720
2015,NJ,Hudson,HudsonNJ2015,60053
2016,NJ,Hudson,HudsonNJ2016,63157
2017,NJ,Hudson,HudsonNJ2017,65673
2018,NJ,Hudson,HudsonNJ2018,73337
2019,NJ,Hudson,HudsonNJ2019,77738
2009,TX,Hudspeth,HudspethTX2009,27053
2010,TX,Hudspeth,HudspethTX2010,26993
2011,TX,Hudspeth,HudspethTX2011,28624
2012,TX,Hudspeth,HudspethTX2012,30043
2013,TX,Hudspeth,HudspethTX2013,31354
2014,TX,Hudspeth,HudspethTX2014,32086
2015,TX,Hudspeth,HudspethTX2015,33048
2016,TX,Hudspeth,HudspethTX2016,35252
2017,TX,Hudspeth,HudspethTX2017,39683
2018,TX,Hudspeth,HudspethTX2018,42671
2019,TX,Hudspeth,HudspethTX2019,39309
2009,SC,Jasper,JasperSC2009,35163
2010,SC,Jasper,JasperSC2010,35533
2011,SC,Jasper,JasperSC2011,34927
2012,SC,Jasper,JasperSC2012,35692
2013,SC,Jasper,JasperSC2013,34852
2014,SC,Jasper,JasperSC2014,37715
2015,SC,Jasper,JasperSC2015,37231
2016,SC,Jasper,JasperSC2016,41902
2017,SC,Jasper,JasperSC2017,40960
2018,SC,Jasper,JasperSC2018,43125
2019,SC,Jasper,JasperSC2019,50790
2009,IA,Jefferson,JeffersonIA2009,41523
2010,IA,Jefferson,JeffersonIA2010,40158
2011,IA,Jefferson,JeffersonIA2011,39743
2012,IA,Jefferson,JeffersonIA2012,40921
2013,IA,Jefferson,JeffersonIA2013,41942
2014,IA,Jefferson,JeffersonIA2014,41094
2015,IA,Jefferson,JeffersonIA2015,43495
2016,IA,Jefferson,JeffersonIA2016,46617
2017,IA,Jefferson,JeffersonIA2017,47907
2018,IA,Jefferson,JeffersonIA2018,46715
2019,IA,Jefferson,JeffersonIA2019,51741
2009,OR,Jefferson,JeffersonOR2009,38132
2010,OR,Jefferson,JeffersonOR2010,40888
2011,OR,Jefferson,JeffersonOR2011,40910
2012,OR,Jefferson,JeffersonOR2012,41426
2013,OR,Jefferson,JeffersonOR2013,41107
2014,OR,Jefferson,JeffersonOR2014,42753
2015,OR,Jefferson,JeffersonOR2015,42325
2016,OR,Jefferson,JeffersonOR2016,44943
2017,OR,Jefferson,JeffersonOR2017,49616
2018,OR,Jefferson,JeffersonOR2018,50376
2019,OR,Jefferson,JeffersonOR2019,52543
2009,WV,Jefferson,JeffersonWV2009,58859
2010,WV,Jefferson,JeffersonWV2010,63156
2011,WV,Jefferson,JeffersonWV2011,59280
2012,WV,Jefferson,JeffersonWV2012,62924
2013,WV,Jefferson,JeffersonWV2013,64916
2014,WV,Jefferson,JeffersonWV2014,66950
2015,WV,Jefferson,JeffersonWV2015,67821
2016,WV,Jefferson,JeffersonWV2016,71315
2017,WV,Jefferson,JeffersonWV2017,70203
2018,WV,Jefferson,JeffersonWV2018,75027
2019,WV,Jefferson,JeffersonWV2019,75225
2009,IA,Johnson,JohnsonIA2009,48955
2010,IA,Johnson,JohnsonIA2010,51014
2011,IA,Johnson,JohnsonIA2011,53570
2012,IA,Johnson,JohnsonIA2012,52934
2013,IA,Johnson,JohnsonIA2013,53204
2014,IA,Johnson,JohnsonIA2014,59946
2015,IA,Johnson,JohnsonIA2015,57706
2016,IA,Johnson,JohnsonIA2016,58904
2017,IA,Johnson,JohnsonIA2017,61395
2018,IA,Johnson,JohnsonIA2018,64387
2019,IA,Johnson,JohnsonIA2019,67295
2009,IN,Johnson,JohnsonIN2009,57634
2010,IN,Johnson,JohnsonIN2010,58695
2011,IN,Johnson,JohnsonIN2011,61477
2012,IN,Johnson,JohnsonIN2012,61671
2013,IN,Johnson,JohnsonIN2013,58936
2014,IN,Johnson,JohnsonIN2014,58833
2015,IN,Johnson,JohnsonIN2015,68256
2016,IN,Johnson,JohnsonIN2016,67215
2017,IN,Johnson,JohnsonIN2017,70690
2018,IN,Johnson,JohnsonIN2018,69880
2019,IN,Johnson,JohnsonIN2019,74427
2009,KS,Johnson,JohnsonKS2009,72006
2010,KS,Johnson,JohnsonKS2010,71389
2011,KS,Johnson,JohnsonKS2011,70665
2012,KS,Johnson,JohnsonKS2012,73712
2013,KS,Johnson,JohnsonKS2013,74135
2014,KS,Johnson,JohnsonKS2014,76104
2015,KS,Johnson,JohnsonKS2015,83007
2016,KS,Johnson,JohnsonKS2016,80872
2017,KS,Johnson,JohnsonKS2017,83516
2018,KS,Johnson,JohnsonKS2018,87087
2019,KS,Johnson,JohnsonKS2019,91913
2009,NC,Johnston,JohnstonNC2009,49501
2010,NC,Johnston,JohnstonNC2010,46922
2011,NC,Johnston,JohnstonNC2011,48380
2012,NC,Johnston,JohnstonNC2012,48773
2013,NC,Johnston,JohnstonNC2013,50904
2014,NC,Johnston,JohnstonNC2014,50055
2015,NC,Johnston,JohnstonNC2015,52681
2016,NC,Johnston,JohnstonNC2016,55174
2017,NC,Johnston,JohnstonNC2017,58647
2018,NC,Johnston,JohnstonNC2018,60296
2019,NC,Johnston,JohnstonNC2019,62835
2009,IL,Kane,KaneIL2009,66604
2010,IL,Kane,KaneIL2010,65430
2011,IL,Kane,KaneIL2011,66133
2012,IL,Kane,KaneIL2012,64870
2013,IL,Kane,KaneIL2013,71444
2014,IL,Kane,KaneIL2014,72131
2015,IL,Kane,KaneIL2015,70502
2016,IL,Kane,KaneIL2016,73684
2017,IL,Kane,KaneIL2017,75739
2018,IL,Kane,KaneIL2018,79834
2019,IL,Kane,KaneIL2019,84311
2009,HI,Kauai,KauaiHI2009,55723
2010,HI,Kauai,KauaiHI2010,52714
2011,HI,Kauai,KauaiHI2011,56937
2012,HI,Kauai,KauaiHI2012,55614
2013,HI,Kauai,KauaiHI2013,55844
2014,HI,Kauai,KauaiHI2014,58883
2015,HI,Kauai,KauaiHI2015,70122
2016,HI,Kauai,KauaiHI2016,63164
2017,HI,Kauai,KauaiHI2017,74881
2018,HI,Kauai,KauaiHI2018,73981
2019,HI,Kauai,KauaiHI2019,73029
2009,IL,Kendall,KendallIL2009,82835
2010,IL,Kendall,KendallIL2010,79542
2011,IL,Kendall,KendallIL2011,82934
2012,IL,Kendall,KendallIL2012,84816
2013,IL,Kendall,KendallIL2013,79648
2014,IL,Kendall,KendallIL2014,90640
2015,IL,Kendall,KendallIL2015,88773
2016,IL,Kendall,KendallIL2016,91952
2017,IL,Kendall,KendallIL2017,97039
2018,IL,Kendall,KendallIL2018,93345
2019,IL,Kendall,KendallIL2019,105586
2009,TX,Kendall,KendallTX2009,72094
2010,TX,Kendall,KendallTX2010,68301
2011,TX,Kendall,KendallTX2011,71388
2012,TX,Kendall,KendallTX2012,68975
2013,TX,Kendall,KendallTX2013,75860
2014,TX,Kendall,KendallTX2014,77764
2015,TX,Kendall,KendallTX2015,79108
2016,TX,Kendall,KendallTX2016,83805
2017,TX,Kendall,KendallTX2017,89637
2018,TX,Kendall,KendallTX2018,90937
2019,TX,Kendall,KendallTX2019,94899
2009,DE,Kent,KentDE2009,50884
2010,DE,Kent,KentDE2010,51490
2011,DE,Kent,KentDE2011,51045
2012,DE,Kent,KentDE2012,51695
2013,DE,Kent,KentDE2013,53811
2014,DE,Kent,KentDE2014,54271
2015,DE,Kent,KentDE2015,55678
2016,DE,Kent,KentDE2016,53994
2017,DE,Kent,KentDE2017,57112
2018,DE,Kent,KentDE2018,54980
2019,DE,Kent,KentDE2019,58804
2009,MI,Kent,KentMI2009,47684
2010,MI,Kent,KentMI2010,47897
2011,MI,Kent,KentMI2011,50651
2012,MI,Kent,KentMI2012,50674
2013,MI,Kent,KentMI2013,51997
2014,MI,Kent,KentMI2014,53342
2015,MI,Kent,KentMI2015,54550
2016,MI,Kent,KentMI2016,59649
2017,MI,Kent,KentMI2017,61146
2018,MI,Kent,KentMI2018,61675
2019,MI,Kent,KentMI2019,66560
2009,RI,Kent,KentRI2009,58364
2010,RI,Kent,KentRI2010,54665
2011,RI,Kent,KentRI2011,59880
2012,RI,Kent,KentRI2012,59682
2013,RI,Kent,KentRI2013,63232
2014,RI,Kent,KentRI2014,61923
2015,RI,Kent,KentRI2015,65332
2016,RI,Kent,KentRI2016,63762
2017,RI,Kent,KentRI2017,72765
2018,RI,Kent,KentRI2018,69089
2019,RI,Kent,KentRI2019,74230
2009,WA,King,KingWA2009,67706
2010,WA,King,KingWA2010,66147
2011,WA,King,KingWA2011,68596
2012,WA,King,KingWA2012,68944
2013,WA,King,KingWA2013,71779
2014,WA,King,KingWA2014,75738
2015,WA,King,KingWA2015,81816
2016,WA,King,KingWA2016,85907
2017,WA,King,KingWA2017,89519
2018,WA,King,KingWA2018,94822
2019,WA,King,KingWA2019,102338
2009,NY,Kings,KingsNY2009,42932
2010,NY,Kings,KingsNY2010,42047
2011,NY,Kings,KingsNY2011,42437
2012,NY,Kings,KingsNY2012,44850
2013,NY,Kings,KingsNY2013,47067
2014,NY,Kings,KingsNY2014,47547
2015,NY,Kings,KingsNY2015,51026
2016,NY,Kings,KingsNY2016,54793
2017,NY,Kings,KingsNY2017,56548
2018,NY,Kings,KingsNY2018,60862
2019,NY,Kings,KingsNY2019,66501
2009,WA,Kittitas,KittitasWA2009,41563
2010,WA,Kittitas,KittitasWA2010,40376
2011,WA,Kittitas,KittitasWA2011,41823
2012,WA,Kittitas,KittitasWA2012,43649
2013,WA,Kittitas,KittitasWA2013,47287
2014,WA,Kittitas,KittitasWA2014,48127
2015,WA,Kittitas,KittitasWA2015,47378
2016,WA,Kittitas,KittitasWA2016,50410
2017,WA,Kittitas,KittitasWA2017,56393
2018,WA,Kittitas,KittitasWA2018,55624
2019,WA,Kittitas,KittitasWA2019,59172
2009,ID,Kootenai,KootenaiID2009,47196
2010,ID,Kootenai,KootenaiID2010,43826
2011,ID,Kootenai,KootenaiID2011,47026
2012,ID,Kootenai,KootenaiID2012,46886
2013,ID,Kootenai,KootenaiID2013,51681
2014,ID,Kootenai,KootenaiID2014,49061
2015,ID,Kootenai,KootenaiID2015,48864
2016,ID,Kootenai,KootenaiID2016,52019
2017,ID,Kootenai,KootenaiID2017,56921
2018,ID,Kootenai,KootenaiID2018,56188
2019,ID,Kootenai,KootenaiID2019,62764
2015,AK,Kusilvak,KusilvakAK2015,33511
2016,AK,Kusilvak,KusilvakAK2016,34341
2017,AK,Kusilvak,KusilvakAK2017,31250
2018,AK,Kusilvak,KusilvakAK2018,32728
2019,AK,Kusilvak,KusilvakAK2019,35369
2009,MS,Lafayette,LafayetteMS2009,41554
2010,MS,Lafayette,LafayetteMS2010,38725
2011,MS,Lafayette,LafayetteMS2011,39853
2012,MS,Lafayette,LafayetteMS2012,40696
2013,MS,Lafayette,LafayetteMS2013,40749
2014,MS,Lafayette,LafayetteMS2014,40797
2015,MS,Lafayette,LafayetteMS2015,43435
2016,MS,Lafayette,LafayetteMS2016,42287
2017,MS,Lafayette,LafayetteMS2017,47899
2018,MS,Lafayette,LafayetteMS2018,49381
2019,MS,Lafayette,LafayetteMS2019,54034
2009,SD,Lake,LakeSD2009,45322
2010,SD,Lake,LakeSD2010,46388
2011,SD,Lake,LakeSD2011,49893
2012,SD,Lake,LakeSD2012,50089
2013,SD,Lake,LakeSD2013,53116
2014,SD,Lake,LakeSD2014,53175
2015,SD,Lake,LakeSD2015,55300
2016,SD,Lake,LakeSD2016,57473
2017,SD,Lake,LakeSD2017,59743
2018,SD,Lake,LakeSD2018,60733
2019,SD,Lake,LakeSD2019,63946
2009,MS,Lamar,LamarMS2009,49407
2010,MS,Lamar,LamarMS2010,49742
2011,MS,Lamar,LamarMS2011,49250
2012,MS,Lamar,LamarMS2012,48057
2013,MS,Lamar,LamarMS2013,51337
2014,MS,Lamar,LamarMS2014,51389
2015,MS,Lamar,LamarMS2015,53205
2016,MS,Lamar,LamarMS2016,57419
2017,MS,Lamar,LamarMS2017,57125
2018,MS,Lamar,LamarMS2018,58377
2019,MS,Lamar,LamarMS2019,62606
2009,VT,Lamoille,LamoilleVT2009,50955
2010,VT,Lamoille,LamoilleVT2010,47994
2011,VT,Lamoille,LamoilleVT2011,46549
2012,VT,Lamoille,LamoilleVT2012,49256
2013,VT,Lamoille,LamoilleVT2013,46742
2014,VT,Lamoille,LamoilleVT2014,49142
2015,VT,Lamoille,LamoilleVT2015,54076
2016,VT,Lamoille,LamoilleVT2016,56207
2017,VT,Lamoille,LamoilleVT2017,56965
2018,VT,Lamoille,LamoilleVT2018,60230
2019,VT,Lamoille,LamoilleVT2019,60555
2009,NE,Lancaster,LancasterNE2009,47915
2010,NE,Lancaster,LancasterNE2010,50197
2011,NE,Lancaster,LancasterNE2011,49046
2012,NE,Lancaster,LancasterNE2012,50478
2013,NE,Lancaster,LancasterNE2013,52275
2014,NE,Lancaster,LancasterNE2014,52011
2015,NE,Lancaster,LancasterNE2015,54422
2016,NE,Lancaster,LancasterNE2016,58873
2017,NE,Lancaster,LancasterNE2017,59681
2018,NE,Lancaster,LancasterNE2018,58618
2019,NE,Lancaster,LancasterNE2019,61383
2009,SC,Lancaster,LancasterSC2009,40286
2010,SC,Lancaster,LancasterSC2010,38312
2011,SC,Lancaster,LancasterSC2011,40372
2012,SC,Lancaster,LancasterSC2012,43479
2013,SC,Lancaster,LancasterSC2013,40837
2014,SC,Lancaster,LancasterSC2014,44854
2015,SC,Lancaster,LancasterSC2015,47279
2016,SC,Lancaster,LancasterSC2016,53421
2017,SC,Lancaster,LancasterSC2017,57667
2018,SC,Lancaster,LancasterSC2018,58035
2019,SC,Lancaster,LancasterSC2019,63842
2009,WY,Laramie,LaramieWY2009,50441
2010,WY,Laramie,LaramieWY2010,50278
2011,WY,Laramie,LaramieWY2011,53839
2012,WY,Laramie,LaramieWY2012,53999
2013,WY,Laramie,LaramieWY2013,59712
2014,WY,Laramie,LaramieWY2014,57192
2015,WY,Laramie,LaramieWY2015,59147
2016,WY,Laramie,LaramieWY2016,61124
2017,WY,Laramie,LaramieWY2017,61658
2018,WY,Laramie,LaramieWY2018,63839
2019,WY,Laramie,LaramieWY2019,69613
2009,NM,Lea,LeaNM2009,44035
2010,NM,Lea,LeaNM2010,43171
2011,NM,Lea,LeaNM2011,46176
2012,NM,Lea,LeaNM2012,48028
2013,NM,Lea,LeaNM2013,53556
2014,NM,Lea,LeaNM2014,58994
2015,NM,Lea,LeaNM2015,54686
2016,NM,Lea,LeaNM2016,52213
2017,NM,Lea,LeaNM2017,52358
2018,NM,Lea,LeaNM2018,51656
2019,NM,Lea,LeaNM2019,63012
2009,KS,Leavenworth,LeavenworthKS2009,57691
2010,KS,Leavenworth,LeavenworthKS2010,60848
2011,KS,Leavenworth,LeavenworthKS2011,61567
2012,KS,Leavenworth,LeavenworthKS2012,59662
2013,KS,Leavenworth,LeavenworthKS2013,65424
2014,KS,Leavenworth,LeavenworthKS2014,65549
2015,KS,Leavenworth,LeavenworthKS2015,61465
2016,KS,Leavenworth,LeavenworthKS2016,67558
2017,KS,Leavenworth,LeavenworthKS2017,70740
2018,KS,Leavenworth,LeavenworthKS2018,70807
2019,KS,Leavenworth,LeavenworthKS2019,75840
2009,PA,Lebanon,LebanonPA2009,50334
2010,PA,Lebanon,LebanonPA2010,51142
2011,PA,Lebanon,LebanonPA2011,53625
2012,PA,Lebanon,LebanonPA2012,51490
2013,PA,Lebanon,LebanonPA2013,54952
2014,PA,Lebanon,LebanonPA2014,53861
2015,PA,Lebanon,LebanonPA2015,52829
2016,PA,Lebanon,LebanonPA2016,56971
2017,PA,Lebanon,LebanonPA2017,57389
2018,PA,Lebanon,LebanonPA2018,61087
2019,PA,Lebanon,LebanonPA2019,61560
2009,AL,Lee,LeeAL2009,37836
2010,AL,Lee,LeeAL2010,40102
2011,AL,Lee,LeeAL2011,42539
2012,AL,Lee,LeeAL2012,43182
2013,AL,Lee,LeeAL2013,44647
2014,AL,Lee,LeeAL2014,41256
2015,AL,Lee,LeeAL2015,46442
2016,AL,Lee,LeeAL2016,47749
2017,AL,Lee,LeeAL2017,51372
2018,AL,Lee,LeeAL2018,48937
2019,AL,Lee,LeeAL2019,54160
2009,PA,Lehigh,LehighPA2009,52680
2010,PA,Lehigh,LehighPA2010,51426
2011,PA,Lehigh,LehighPA2011,50737
2012,PA,Lehigh,LehighPA2012,53457
2013,PA,Lehigh,LehighPA2013,53722
2014,PA,Lehigh,LehighPA2014,58283
2015,PA,Lehigh,LehighPA2015,56352
2016,PA,Lehigh,LehighPA2016,60243
2017,PA,Lehigh,LehighPA2017,60706
2018,PA,Lehigh,LehighPA2018,62139
2019,PA,Lehigh,LehighPA2019,65436
2009,AL,Limestone,LimestoneAL2009,46610
2010,AL,Limestone,LimestoneAL2010,49667
2011,AL,Limestone,LimestoneAL2011,46760
2012,AL,Limestone,LimestoneAL2012,49616
2013,AL,Limestone,LimestoneAL2013,50148
2014,AL,Limestone,LimestoneAL2014,51175
2015,AL,Limestone,LimestoneAL2015,55060
2016,AL,Limestone,LimestoneAL2016,52181
2017,AL,Limestone,LimestoneAL2017,57342
2018,AL,Limestone,LimestoneAL2018,64863
2019,AL,Limestone,LimestoneAL2019,64729
2009,MO,Lincoln,LincolnMO2009,50795
2010,MO,Lincoln,LincolnMO2010,50307
2011,MO,Lincoln,LincolnMO2011,50523
2012,MO,Lincoln,LincolnMO2012,53542
2013,MO,Lincoln,LincolnMO2013,54144
2014,MO,Lincoln,LincolnMO2014,53804
2015,MO,Lincoln,LincolnMO2015,54584
2016,MO,Lincoln,LincolnMO2016,56833
2017,MO,Lincoln,LincolnMO2017,67986
2018,MO,Lincoln,LincolnMO2018,62238
2019,MO,Lincoln,LincolnMO2019,69178
2009,SD,Lincoln,LincolnSD2009,72894
2010,SD,Lincoln,LincolnSD2010,74100
2011,SD,Lincoln,LincolnSD2011,76907
2012,SD,Lincoln,LincolnSD2012,78360
2013,SD,Lincoln,LincolnSD2013,78567
2014,SD,Lincoln,LincolnSD2014,79857
2015,SD,Lincoln,LincolnSD2015,77540
2016,SD,Lincoln,LincolnSD2016,84610
2017,SD,Lincoln,LincolnSD2017,89458
2018,SD,Lincoln,LincolnSD2018,84889
2019,SD,Lincoln,LincolnSD2019,86235
2009,WY,Lincoln,LincolnWY2009,59160
2010,WY,Lincoln,LincolnWY2010,58175
2011,WY,Lincoln,LincolnWY2011,60062
2012,WY,Lincoln,LincolnWY2012,60817
2013,WY,Lincoln,LincolnWY2013,67256
2014,WY,Lincoln,LincolnWY2014,63575
2015,WY,Lincoln,LincolnWY2015,62364
2016,WY,Lincoln,LincolnWY2016,63907
2017,WY,Lincoln,LincolnWY2017,65137
2018,WY,Lincoln,LincolnWY2018,69598
2019,WY,Lincoln,LincolnWY2019,71269
2009,MI,Livingston,LivingstonMI2009,68514
2010,MI,Livingston,LivingstonMI2010,65729
2011,MI,Livingston,LivingstonMI2011,68895
2012,MI,Livingston,LivingstonMI2012,75744
2013,MI,Livingston,LivingstonMI2013,71075
2014,MI,Livingston,LivingstonMI2014,74341
2015,MI,Livingston,LivingstonMI2015,76934
2016,MI,Livingston,LivingstonMI2016,79388
2017,MI,Livingston,LivingstonMI2017,82076
2018,MI,Livingston,LivingstonMI2018,84048
2019,MI,Livingston,LivingstonMI2019,87827
2009,OK,Logan,LoganOK2009,48012
2010,OK,Logan,LoganOK2010,49006
2011,OK,Logan,LoganOK2011,48346
2012,OK,Logan,LoganOK2012,51642
2013,OK,Logan,LoganOK2013,57490
2014,OK,Logan,LoganOK2014,55602
2015,OK,Logan,LoganOK2015,57892
2016,OK,Logan,LoganOK2016,54305
2017,OK,Logan,LoganOK2017,60628
2018,OK,Logan,LoganOK2018,69114
2019,OK,Logan,LoganOK2019,66625
2009,GA,Long,LongGA2009,37358
2010,GA,Long,LongGA2010,38243
2011,GA,Long,LongGA2011,35244
2012,GA,Long,LongGA2012,39176
2013,GA,Long,LongGA2013,41147
2014,GA,Long,LongGA2014,43193
2015,GA,Long,LongGA2015,42542
2016,GA,Long,LongGA2016,44542
2017,GA,Long,LongGA2017,48328
2018,GA,Long,LongGA2018,46428
2019,GA,Long,LongGA2019,52051
2009,VA,Loudoun,LoudounVA2009,114200
2010,VA,Loudoun,LoudounVA2010,119075
2011,VA,Loudoun,LoudounVA2011,119525
2012,VA,Loudoun,LoudounVA2012,118934
2013,VA,Loudoun,LoudounVA2013,117680
2014,VA,Loudoun,LoudounVA2014,122641
2015,VA,Loudoun,LoudounVA2015,125900
2016,VA,Loudoun,LoudounVA2016,134609
2017,VA,Loudoun,LoudounVA2017,136191
2018,VA,Loudoun,LoudounVA2018,140382
2019,VA,Loudoun,LoudounVA2019,151806
2009,TX,Loving,LovingTX2009,49903
2010,TX,Loving,LovingTX2010,50188
2011,TX,Loving,LovingTX2011,46204
2012,TX,Loving,LovingTX2012,41252
2013,TX,Loving,LovingTX2013,44407
2014,TX,Loving,LovingTX2014,55819
2015,TX,Loving,LovingTX2015,59499
2016,TX,Loving,LovingTX2016,64179
2017,TX,Loving,LovingTX2017,65203
2018,TX,Loving,LovingTX2018,78637
2019,TX,Loving,LovingTX2019,88487
2009,NV,Lyon,LyonNV2009,51151
2010,NV,Lyon,LyonNV2010,47108
2011,NV,Lyon,LyonNV2011,44877
2012,NV,Lyon,LyonNV2012,48035
2013,NV,Lyon,LyonNV2013,46526
2014,NV,Lyon,LyonNV2014,48576
2015,NV,Lyon,LyonNV2015,51934
2016,NV,Lyon,LyonNV2016,51344
2017,NV,Lyon,LyonNV2017,54588
2018,NV,Lyon,LyonNV2018,59732
2019,NV,Lyon,LyonNV2019,59406
2009,AL,Madison,MadisonAL2009,57327
2010,AL,Madison,MadisonAL2010,54633
2011,AL,Madison,MadisonAL2011,55298
2012,AL,Madison,MadisonAL2012,57072
2013,AL,Madison,MadisonAL2013,58258
2014,AL,Madison,MadisonAL2014,58833
2015,AL,Madison,MadisonAL2015,59117
2016,AL,Madison,MadisonAL2016,61193
2017,AL,Madison,MadisonAL2017,62750
2018,AL,Madison,MadisonAL2018,63755
2019,AL,Madison,MadisonAL2019,68609
2009,MS,Madison,MadisonMS2009,55490
2010,MS,Madison,MadisonMS2010,57089
2011,MS,Madison,MadisonMS2011,55692
2012,MS,Madison,MadisonMS2012,60387
2013,MS,Madison,MadisonMS2013,64657
2014,MS,Madison,MadisonMS2014,66671
2015,MS,Madison,MadisonMS2015,67482
2016,MS,Madison,MadisonMS2016,65870
2017,MS,Madison,MadisonMS2017,69820
2018,MS,Madison,MadisonMS2018,75740
2019,MS,Madison,MadisonMS2019,70824
2009,MT,Madison,MadisonMT2009,41345
2010,MT,Madison,MadisonMT2010,42174
2011,MT,Madison,MadisonMT2011,42799
2012,MT,Madison,MadisonMT2012,41367
2013,MT,Madison,MadisonMT2013,44046
2014,MT,Madison,MadisonMT2014,41539
2015,MT,Madison,MadisonMT2015,49872
2016,MT,Madison,MadisonMT2016,51252
2017,MT,Madison,MadisonMT2017,50248
2018,MT,Madison,MadisonMT2018,53031
2019,MT,Madison,MadisonMT2019,56579
2009,VA,Manassas,ManassasVA2009,70852
2010,VA,Manassas,ManassasVA2010,67948
2011,VA,Manassas,ManassasVA2011,71976
2012,VA,Manassas,ManassasVA2012,68970
2013,VA,Manassas,ManassasVA2013,71742
2014,VA,Manassas,ManassasVA2014,73065
2015,VA,Manassas,ManassasVA2015,75429
2016,VA,Manassas,ManassasVA2016,75994
2017,VA,Manassas,ManassasVA2017,80482
2018,VA,Manassas,ManassasVA2018,77032
2019,VA,Manassas,ManassasVA2019,83145
2009,FL,Manatee,ManateeFL2009,45565
2010,FL,Manatee,ManateeFL2010,44990
2011,FL,Manatee,ManateeFL2011,43494
2012,FL,Manatee,ManateeFL2012,46999
2013,FL,Manatee,ManateeFL2013,48066
2014,FL,Manatee,ManateeFL2014,51673
2015,FL,Manatee,ManateeFL2015,50728
2016,FL,Manatee,ManateeFL2016,51770
2017,FL,Manatee,ManateeFL2017,55189
2018,FL,Manatee,ManateeFL2018,59587
2019,FL,Manatee,ManateeFL2019,64151
2009,AZ,Maricopa,MaricopaAZ2009,53284
2010,AZ,Maricopa,MaricopaAZ2010,50424
2011,AZ,Maricopa,MaricopaAZ2011,50785
2012,AZ,Maricopa,MaricopaAZ2012,51442
2013,AZ,Maricopa,MaricopaAZ2013,52066
2014,AZ,Maricopa,MaricopaAZ2014,53929
2015,AZ,Maricopa,MaricopaAZ2015,56017
2016,AZ,Maricopa,MaricopaAZ2016,58742
2017,AZ,Maricopa,MaricopaAZ2017,62221
2018,AZ,Maricopa,MaricopaAZ2018,65234
2019,AZ,Maricopa,MaricopaAZ2019,68634
2009,AK,Matanuska-Susitna,Matanuska-SusitnaAK2009,70442
2010,AK,Matanuska-Susitna,Matanuska-SusitnaAK2010,68670
2011,AK,Matanuska-Susitna,Matanuska-SusitnaAK2011,68999
2012,AK,Matanuska-Susitna,Matanuska-SusitnaAK2012,68109
2013,AK,Matanuska-Susitna,Matanuska-SusitnaAK2013,72371
2014,AK,Matanuska-Susitna,Matanuska-SusitnaAK2014,73981
2015,AK,Matanuska-Susitna,Matanuska-SusitnaAK2015,76601
2016,AK,Matanuska-Susitna,Matanuska-SusitnaAK2016,71793
2017,AK,Matanuska-Susitna,Matanuska-SusitnaAK2017,72296
2018,AK,Matanuska-Susitna,Matanuska-SusitnaAK2018,74649
2019,AK,Matanuska-Susitna,Matanuska-SusitnaAK2019,75856
2009,HI,Maui,MauiHI2009,58167
2010,HI,Maui,MauiHI2010,56206
2011,HI,Maui,MauiHI2011,57789
2012,HI,Maui,MauiHI2012,59281
2013,HI,Maui,MauiHI2013,62277
2014,HI,Maui,MauiHI2014,64916
2015,HI,Maui,MauiHI2015,68684
2016,HI,Maui,MauiHI2016,69699
2017,HI,Maui,MauiHI2017,76376
2018,HI,Maui,MauiHI2018,78503
2019,HI,Maui,MauiHI2019,77375
2009,OK,McClain,McClainOK2009,50936
2010,OK,McClain,McClainOK2010,51767
2011,OK,McClain,McClainOK2011,54633
2012,OK,McClain,McClainOK2012,54495
2013,OK,McClain,McClainOK2013,57784
2014,OK,McClain,McClainOK2014,58392
2015,OK,McClain,McClainOK2015,56700
2016,OK,McClain,McClainOK2016,61730
2017,OK,McClain,McClainOK2017,63787
2018,OK,McClain,McClainOK2018,65831
2019,OK,McClain,McClainOK2019,75009
2009,ND,McKenzie,McKenzieND2009,49465
2010,ND,McKenzie,McKenzieND2010,51641
2011,ND,McKenzie,McKenzieND2011,59000
2012,ND,McKenzie,McKenzieND2012,67995
2013,ND,McKenzie,McKenzieND2013,75699
2014,ND,McKenzie,McKenzieND2014,81209
2015,ND,McKenzie,McKenzieND2015,82906
2016,ND,McKenzie,McKenzieND2016,77733
2017,ND,McKenzie,McKenzieND2017,75408
2018,ND,McKenzie,McKenzieND2018,76224
2019,ND,McKenzie,McKenzieND2019,86890
2009,SD,Meade,MeadeSD2009,44568
2010,SD,Meade,MeadeSD2010,48120
2011,SD,Meade,MeadeSD2011,50985
2012,SD,Meade,MeadeSD2012,51427
2013,SD,Meade,MeadeSD2013,50711
2014,SD,Meade,MeadeSD2014,54771
2015,SD,Meade,MeadeSD2015,55515
2016,SD,Meade,MeadeSD2016,54976
2017,SD,Meade,MeadeSD2017,59563
2018,SD,Meade,MeadeSD2018,59524
2019,SD,Meade,MeadeSD2019,59981
2009,WI,Menominee,MenomineeWI2009,30648
2010,WI,Menominee,MenomineeWI2010,31509
2011,WI,Menominee,MenomineeWI2011,30156
2012,WI,Menominee,MenomineeWI2012,33925
2013,WI,Menominee,MenomineeWI2013,32769
2014,WI,Menominee,MenomineeWI2014,36774
2015,WI,Menominee,MenomineeWI2015,33410
2016,WI,Menominee,MenomineeWI2016,36562
2017,WI,Menominee,MenomineeWI2017,36936
2018,WI,Menominee,MenomineeWI2018,40682
2019,WI,Menominee,MenomineeWI2019,40300
2009,NH,Merrimack,MerrimackNH2009,61439
2010,NH,Merrimack,MerrimackNH2010,60932
2011,NH,Merrimack,MerrimackNH2011,64482
2012,NH,Merrimack,MerrimackNH2012,59186
2013,NH,Merrimack,MerrimackNH2013,64068
2014,NH,Merrimack,MerrimackNH2014,62429
2015,NH,Merrimack,MerrimackNH2015,68148
2016,NH,Merrimack,MerrimackNH2016,69320
2017,NH,Merrimack,MerrimackNH2017,70408
2018,NH,Merrimack,MerrimackNH2018,74351
2019,NH,Merrimack,MerrimackNH2019,75800
2009,MA,Middlesex,MiddlesexMA2009,77672
2010,MA,Middlesex,MiddlesexMA2010,75364
2011,MA,Middlesex,MiddlesexMA2011,76803
2012,MA,Middlesex,MiddlesexMA2012,81924
2013,MA,Middlesex,MiddlesexMA2013,82118
2014,MA,Middlesex,MiddlesexMA2014,84026
2015,MA,Middlesex,MiddlesexMA2015,90025
2016,MA,Middlesex,MiddlesexMA2016,94977
2017,MA,Middlesex,MiddlesexMA2017,97851
2018,MA,Middlesex,MiddlesexMA2018,100374
2019,MA,Middlesex,MiddlesexMA2019,106543
2009,SD,Minnehaha,MinnehahaSD2009,48443
2010,SD,Minnehaha,MinnehahaSD2010,49954
2011,SD,Minnehaha,MinnehahaSD2011,51431
2012,SD,Minnehaha,MinnehahaSD2012,48932
2013,SD,Minnehaha,MinnehahaSD2013,52382
2014,SD,Minnehaha,MinnehahaSD2014,55107
2015,SD,Minnehaha,MinnehahaSD2015,55605
2016,SD,Minnehaha,MinnehahaSD2016,60244
2017,SD,Minnehaha,MinnehahaSD2017,61182
2018,SD,Minnehaha,MinnehahaSD2018,60033
2019,SD,Minnehaha,MinnehahaSD2019,63162
2009,WV,Monongalia,MonongaliaWV2009,35331
2010,WV,Monongalia,MonongaliaWV2010,42247
2011,WV,Monongalia,MonongaliaWV2011,43447
2012,WV,Monongalia,MonongaliaWV2012,41503
2013,WV,Monongalia,MonongaliaWV2013,47281
2014,WV,Monongalia,MonongaliaWV2014,43835
2015,WV,Monongalia,MonongaliaWV2015,46718
2016,WV,Monongalia,MonongaliaWV2016,49725
2017,WV,Monongalia,MonongaliaWV2017,50621
2018,WV,Monongalia,MonongaliaWV2018,51070
2019,WV,Monongalia,MonongaliaWV2019,55652
2009,IL,Monroe,MonroeIL2009,71342
2010,IL,Monroe,MonroeIL2010,69731
2011,IL,Monroe,MonroeIL2011,71766
2012,IL,Monroe,MonroeIL2012,72265
2013,IL,Monroe,MonroeIL2013,71604
2014,IL,Monroe,MonroeIL2014,73684
2015,IL,Monroe,MonroeIL2015,79686
2016,IL,Monroe,MonroeIL2016,83139
2017,IL,Monroe,MonroeIL2017,83767
2018,IL,Monroe,MonroeIL2018,88481
2019,IL,Monroe,MonroeIL2019,90904
2009,MD,Montgomery,MontgomeryMD2009,93774
2010,MD,Montgomery,MontgomeryMD2010,88559
2011,MD,Montgomery,MontgomeryMD2011,92288
2012,MD,Montgomery,MontgomeryMD2012,94365
2013,MD,Montgomery,MontgomeryMD2013,97873
2014,MD,Montgomery,MontgomeryMD2014,97279
2015,MD,Montgomery,MontgomeryMD2015,98314
2016,MD,Montgomery,MontgomeryMD2016,99604
2017,MD,Montgomery,MontgomeryMD2017,102944
2018,MD,Montgomery,MontgomeryMD2018,107758
2019,MD,Montgomery,MontgomeryMD2019,110012
2009,TN,Montgomery,MontgomeryTN2009,46523
2010,TN,Montgomery,MontgomeryTN2010,47258
2011,TN,Montgomery,MontgomeryTN2011,47684
2012,TN,Montgomery,MontgomeryTN2012,48267
2013,TN,Montgomery,MontgomeryTN2013,51059
2014,TN,Montgomery,MontgomeryTN2014,50935
2015,TN,Montgomery,MontgomeryTN2015,49603
2016,TN,Montgomery,MontgomeryTN2016,55351
2017,TN,Montgomery,MontgomeryTN2017,57431
2018,TN,Montgomery,MontgomeryTN2018,56102
2019,TN,Montgomery,MontgomeryTN2019,57606
2009,UT,Morgan,MorganUT2009,75164
2010,UT,Morgan,MorganUT2010,71484
2011,UT,Morgan,MorganUT2011,74509
2012,UT,Morgan,MorganUT2012,75348
2013,UT,Morgan,MorganUT2013,83496
2014,UT,Morgan,MorganUT2014,82597
2015,UT,Morgan,MorganUT2015,81358
2016,UT,Morgan,MorganUT2016,85681
2017,UT,Morgan,MorganUT2017,96201
2018,UT,Morgan,MorganUT2018,98875
2019,UT,Morgan,MorganUT2019,101943
2009,WV,Morgan,MorganWV2009,38804
2010,WV,Morgan,MorganWV2010,40636
2011,WV,Morgan,MorganWV2011,40762
2012,WV,Morgan,MorganWV2012,41087
2013,WV,Morgan,MorganWV2013,42719
2014,WV,Morgan,MorganWV2014,44446
2015,WV,Morgan,MorganWV2015,45628
2016,WV,Morgan,MorganWV2016,59573
2017,WV,Morgan,MorganWV2017,44448
2018,WV,Morgan,MorganWV2018,49487
2019,WV,Morgan,MorganWV2019,50660
2009,ND,Mountrail,MountrailND2009,49884
2010,ND,Mountrail,MountrailND2010,49694
2011,ND,Mountrail,MountrailND2011,52930
2012,ND,Mountrail,MountrailND2012,59583
2013,ND,Mountrail,MountrailND2013,65546
2014,ND,Mountrail,MountrailND2014,66807
2015,ND,Mountrail,MountrailND2015,65606
2016,ND,Mountrail,MountrailND2016,63736
2017,ND,Mountrail,MountrailND2017,64247
2018,ND,Mountrail,MountrailND2018,67162
2019,ND,Mountrail,MountrailND2019,69040
2009,MA,Nantucket,NantucketMA2009,68746
2010,MA,Nantucket,NantucketMA2010,67969
2011,MA,Nantucket,NantucketMA2011,68431
2012,MA,Nantucket,NantucketMA2012,70286
2013,MA,Nantucket,NantucketMA2013,71259
2014,MA,Nantucket,NantucketMA2014,82596
2015,MA,Nantucket,NantucketMA2015,86014
2016,MA,Nantucket,NantucketMA2016,82324
2017,MA,Nantucket,NantucketMA2017,92347
2018,MA,Nantucket,NantucketMA2018,97525
2019,MA,Nantucket,NantucketMA2019,96030
2009,CT,NewHaven,NewHavenCT2009,60388
2010,CT,NewHaven,NewHavenCT2010,57070
2011,CT,NewHaven,NewHavenCT2011,58985
2012,CT,NewHaven,NewHavenCT2012,59217
2013,CT,NewHaven,NewHavenCT2013,58672
2014,CT,NewHaven,NewHavenCT2014,60387
2015,CT,NewHaven,NewHavenCT2015,61758
2016,CT,NewHaven,NewHavenCT2016,66012
2017,CT,NewHaven,NewHavenCT2017,66764
2018,CT,NewHaven,NewHavenCT2018,67720
2019,CT,NewHaven,NewHavenCT2019,69687
2009,VA,NewKent,NewKentVA2009,68570
2010,VA,NewKent,NewKentVA2010,67979
2011,VA,NewKent,NewKentVA2011,69885
2012,VA,NewKent,NewKentVA2012,68862
2013,VA,NewKent,NewKentVA2013,72150
2014,VA,NewKent,NewKentVA2014,72406
2015,VA,NewKent,NewKentVA2015,79322
2016,VA,NewKent,NewKentVA2016,84486
2017,VA,NewKent,NewKentVA2017,89682
2018,VA,NewKent,NewKentVA2018,90858
2019,VA,NewKent,NewKentVA2019,102619
2009,NY,NewYork,NewYorkNY2009,68295
2010,NY,NewYork,NewYorkNY2010,63188
2011,NY,NewYork,NewYorkNY2011,65833
2012,NY,NewYork,NewYorkNY2012,66739
2013,NY,NewYork,NewYorkNY2013,71443
2014,NY,NewYork,NewYorkNY2014,75459
2015,NY,NewYork,NewYorkNY2015,75136
2016,NY,NewYork,NewYorkNY2016,77214
2017,NY,NewYork,NewYorkNY2017,84133
2018,NY,NewYork,NewYorkNY2018,84610
2019,NY,NewYork,NewYorkNY2019,93007
2009,MA,Norfolk,NorfolkMA2009,79548
2010,MA,Norfolk,NorfolkMA2010,79899
2011,MA,Norfolk,NorfolkMA2011,81590
2012,MA,Norfolk,NorfolkMA2012,80192
2013,MA,Norfolk,NorfolkMA2013,83830
2014,MA,Norfolk,NorfolkMA2014,90039
2015,MA,Norfolk,NorfolkMA2015,93187
2016,MA,Norfolk,NorfolkMA2016,92606
2017,MA,Norfolk,NorfolkMA2017,100710
2018,MA,Norfolk,NorfolkMA2018,100184
2019,MA,Norfolk,NorfolkMA2019,106851
2009,NJ,Ocean,OceanNJ2009,59456
2010,NJ,Ocean,OceanNJ2010,56924
2011,NJ,Ocean,OceanNJ2011,56851
2012,NJ,Ocean,OceanNJ2012,59022
2013,NJ,Ocean,OceanNJ2013,59888
2014,NJ,Ocean,OceanNJ2014,62937
2015,NJ,Ocean,OceanNJ2015,63478
2016,NJ,Ocean,OceanNJ2016,62276
2017,NJ,Ocean,OceanNJ2017,70493
2018,NJ,Ocean,OceanNJ2018,68483
2019,NJ,Ocean,OceanNJ2019,75627
2009,GA,Oconee,OconeeGA2009,74630
2010,GA,Oconee,OconeeGA2010,76298
2011,GA,Oconee,OconeeGA2011,71707
2012,GA,Oconee,OconeeGA2012,75532
2013,GA,Oconee,OconeeGA2013,72478
2014,GA,Oconee,OconeeGA2014,80631
2015,GA,Oconee,OconeeGA2015,76371
2016,GA,Oconee,OconeeGA2016,88570
2017,GA,Oconee,OconeeGA2017,92216
2018,GA,Oconee,OconeeGA2018,99497
2019,GA,Oconee,OconeeGA2019,100878
2009,NY,Orange,OrangeNY2009,68057
2010,NY,Orange,OrangeNY2010,65512
2011,NY,Orange,OrangeNY2011,65648
2012,NY,Orange,OrangeNY2012,65761
2013,NY,Orange,OrangeNY2013,68249
2014,NY,Orange,OrangeNY2014,69228
2015,NY,Orange,OrangeNY2015,71162
2016,NY,Orange,OrangeNY2016,71963
2017,NY,Orange,OrangeNY2017,77606
2018,NY,Orange,OrangeNY2018,75048
2019,NY,Orange,OrangeNY2019,83188
2009,LA,Orleans,OrleansLA2009,35243
2010,LA,Orleans,OrleansLA2010,36525
2011,LA,Orleans,OrleansLA2011,34851
2012,LA,Orleans,OrleansLA2012,33948
2013,LA,Orleans,OrleansLA2013,36240
2014,LA,Orleans,OrleansLA2014,35468
2015,LA,Orleans,OrleansLA2015,38640
2016,LA,Orleans,OrleansLA2016,38418
2017,LA,Orleans,OrleansLA2017,37407
2018,LA,Orleans,OrleansLA2018,38855
2019,LA,Orleans,OrleansLA2019,45092
2009,FL,Osceola,OsceolaFL2009,42626
2010,FL,Osceola,OsceolaFL2010,42165
2011,FL,Osceola,OsceolaFL2011,40933
2012,FL,Osceola,OsceolaFL2012,42743
2013,FL,Osceola,OsceolaFL2013,41592
2014,FL,Osceola,OsceolaFL2014,42945
2015,FL,Osceola,OsceolaFL2015,45127
2016,FL,Osceola,OsceolaFL2016,50716
2017,FL,Osceola,OsceolaFL2017,49284
2018,FL,Osceola,OsceolaFL2018,50473
2019,FL,Osceola,OsceolaFL2019,52270
2009,NM,Otero,OteroNM2009,35557
2010,NM,Otero,OteroNM2010,36628
2011,NM,Otero,OteroNM2011,35894
2012,NM,Otero,OteroNM2012,38764
2013,NM,Otero,OteroNM2013,41960
2014,NM,Otero,OteroNM2014,41736
2015,NM,Otero,OteroNM2015,38381
2016,NM,Otero,OteroNM2016,41995
2017,NM,Otero,OteroNM2017,43338
2018,NM,Otero,OteroNM2018,42701
2019,NM,Otero,OteroNM2019,43135
2009,MI,Ottawa,OttawaMI2009,52107
2010,MI,Ottawa,OttawaMI2010,53454
2011,MI,Ottawa,OttawaMI2011,54461
2012,MI,Ottawa,OttawaMI2012,55158
2013,MI,Ottawa,OttawaMI2013,57994
2014,MI,Ottawa,OttawaMI2014,60577
2015,MI,Ottawa,OttawaMI2015,61429
2016,MI,Ottawa,OttawaMI2016,65004
2017,MI,Ottawa,OttawaMI2017,68816
2018,MI,Ottawa,OttawaMI2018,70420
2019,MI,Ottawa,OttawaMI2019,69827
2009,WI,Outagamie,OutagamieWI2009,55106
2010,WI,Outagamie,OutagamieWI2010,55556
2011,WI,Outagamie,OutagamieWI2011,56901
2012,WI,Outagamie,OutagamieWI2012,58058
2013,WI,Outagamie,OutagamieWI2013,57124
2014,WI,Outagamie,OutagamieWI2014,59377
2015,WI,Outagamie,OutagamieWI2015,60649
2016,WI,Outagamie,OutagamieWI2016,61764
2017,WI,Outagamie,OutagamieWI2017,65945
2018,WI,Outagamie,OutagamieWI2018,65993
2019,WI,Outagamie,OutagamieWI2019,66994
2009,NC,Pender,PenderNC2009,43261
2010,NC,Pender,PenderNC2010,43573
2011,NC,Pender,PenderNC2011,44171
2012,NC,Pender,PenderNC2012,43318
2013,NC,Pender,PenderNC2013,44949
2014,NC,Pender,PenderNC2014,45453
2015,NC,Pender,PenderNC2015,49390
2016,NC,Pender,PenderNC2016,50437
2017,NC,Pender,PenderNC2017,52187
2018,NC,Pender,PenderNC2018,54900
2019,NC,Pender,PenderNC2019,60405
2009,SD,Pennington,PenningtonSD2009,46972
2010,SD,Pennington,PenningtonSD2010,45999
2011,SD,Pennington,PenningtonSD2011,48083
2012,SD,Pennington,PenningtonSD2012,49033
2013,SD,Pennington,PenningtonSD2013,48886
2014,SD,Pennington,PenningtonSD2014,48379
2015,SD,Pennington,PenningtonSD2015,52217
2016,SD,Pennington,PenningtonSD2016,51508
2017,SD,Pennington,PenningtonSD2017,55104
2018,SD,Pennington,PenningtonSD2018,58738
2019,SD,Pennington,PenningtonSD2019,58919
2009,AZ,Pinal,PinalAZ2009,49088
2010,AZ,Pinal,PinalAZ2010,49833
2011,AZ,Pinal,PinalAZ2011,45170
2012,AZ,Pinal,PinalAZ2012,50362
2013,AZ,Pinal,PinalAZ2013,49887
2014,AZ,Pinal,PinalAZ2014,49876
2015,AZ,Pinal,PinalAZ2015,50888
2016,AZ,Pinal,PinalAZ2016,52642
2017,AZ,Pinal,PinalAZ2017,53114
2018,AZ,Pinal,PinalAZ2018,58848
2019,AZ,Pinal,PinalAZ2019,62067
2009,CA,Placer,PlacerCA2009,70751
2010,CA,Placer,PlacerCA2010,68330
2011,CA,Placer,PlacerCA2011,69581
2012,CA,Placer,PlacerCA2012,69521
2013,CA,Placer,PlacerCA2013,73643
2014,CA,Placer,PlacerCA2014,75689
2015,CA,Placer,PlacerCA2015,76203
2016,CA,Placer,PlacerCA2016,85326
2017,CA,Placer,PlacerCA2017,81366
2018,CA,Placer,PlacerCA2018,89175
2019,CA,Placer,PlacerCA2019,97688
2009,MO,Platte,PlatteMO2009,65877
2010,MO,Platte,PlatteMO2010,67791
2011,MO,Platte,PlatteMO2011,63676
2012,MO,Platte,PlatteMO2012,67299
2013,MO,Platte,PlatteMO2013,68411
2014,MO,Platte,PlatteMO2014,70874
2015,MO,Platte,PlatteMO2015,72548
2016,MO,Platte,PlatteMO2016,77933
2017,MO,Platte,PlatteMO2017,75651
2018,MO,Platte,PlatteMO2018,82567
2019,MO,Platte,PlatteMO2019,84456
2009,IA,Polk,PolkIA2009,54948
2010,IA,Polk,PolkIA2010,54328
2011,IA,Polk,PolkIA2011,56091
2012,IA,Polk,PolkIA2012,57942
2013,IA,Polk,PolkIA2013,59388
2014,IA,Polk,PolkIA2014,61028
2015,IA,Polk,PolkIA2015,60436
2016,IA,Polk,PolkIA2016,64169
2017,IA,Polk,PolkIA2017,66112
2018,IA,Polk,PolkIA2018,68479
2019,IA,Polk,PolkIA2019,67331
2009,OR,Polk,PolkOR2009,53874
2010,OR,Polk,PolkOR2010,49504
2011,OR,Polk,PolkOR2011,52277
2012,OR,Polk,PolkOR2012,49636
2013,OR,Polk,PolkOR2013,51224
2014,OR,Polk,PolkOR2014,52626
2015,OR,Polk,PolkOR2015,55342
2016,OR,Polk,PolkOR2016,55218
2017,OR,Polk,PolkOR2017,56917
2018,OR,Polk,PolkOR2018,62389
2019,OR,Polk,PolkOR2019,69757
2009,KS,Pottawatomie,PottawatomieKS2009,54949
2010,KS,Pottawatomie,PottawatomieKS2010,52861
2011,KS,Pottawatomie,PottawatomieKS2011,53339
2012,KS,Pottawatomie,PottawatomieKS2012,56891
2013,KS,Pottawatomie,PottawatomieKS2013,59856
2014,KS,Pottawatomie,PottawatomieKS2014,65373
2015,KS,Pottawatomie,PottawatomieKS2015,60601
2016,KS,Pottawatomie,PottawatomieKS2016,64704
2017,KS,Pottawatomie,PottawatomieKS2017,65956
2018,KS,Pottawatomie,PottawatomieKS2018,69975
2019,KS,Pottawatomie,PottawatomieKS2019,73685
2009,RI,Providence,ProvidenceRI2009,47432
2010,RI,Providence,ProvidenceRI2010,45572
2011,RI,Providence,ProvidenceRI2011,46385
2012,RI,Providence,ProvidenceRI2012,47601
2013,RI,Providence,ProvidenceRI2013,47642
2014,RI,Providence,ProvidenceRI2014,47278
2015,RI,Providence,ProvidenceRI2015,50364
2016,RI,Providence,ProvidenceRI2016,52011
2017,RI,Providence,ProvidenceRI2017,55848
2018,RI,Providence,ProvidenceRI2018,56141
2019,RI,Providence,ProvidenceRI2019,62165
2009,MT,Richland,RichlandMT2009,50014
2010,MT,Richland,RichlandMT2010,49444
2011,MT,Richland,RichlandMT2011,55593
2012,MT,Richland,RichlandMT2012,56492
2013,MT,Richland,RichlandMT2013,64171
2014,MT,Richland,RichlandMT2014,65738
2015,MT,Richland,RichlandMT2015,68196
2016,MT,Richland,RichlandMT2016,65277
2017,MT,Richland,RichlandMT2017,63343
2018,MT,Richland,RichlandMT2018,67242
2019,MT,Richland,RichlandMT2019,69095
2009,CA,Riverside,RiversideCA2009,55151
2010,CA,Riverside,RiversideCA2010,53981
2011,CA,Riverside,RiversideCA2011,52491
2012,CA,Riverside,RiversideCA2012,52416
2013,CA,Riverside,RiversideCA2013,53909
2014,CA,Riverside,RiversideCA2014,56877
2015,CA,Riverside,RiversideCA2015,57895
2016,CA,Riverside,RiversideCA2016,59951
2017,CA,Riverside,RiversideCA2017,63776
2018,CA,Riverside,RiversideCA2018,66793
2019,CA,Riverside,RiversideCA2019,72905
2009,NH,Rockingham,RockinghamNH2009,70196
2010,NH,Rockingham,RockinghamNH2010,73402
2011,NH,Rockingham,RockinghamNH2011,75285
2012,NH,Rockingham,RockinghamNH2012,76285
2013,NH,Rockingham,RockinghamNH2013,74785
2014,NH,Rockingham,RockinghamNH2014,79653
2015,NH,Rockingham,RockinghamNH2015,87103
2016,NH,Rockingham,RockinghamNH2016,82016
2017,NH,Rockingham,RockinghamNH2017,89049
2018,NH,Rockingham,RockinghamNH2018,93645
2019,NH,Rockingham,RockinghamNH2019,91416
2009,NY,Rockland,RocklandNY2009,78218
2010,NY,Rockland,RocklandNY2010,79798
2011,NY,Rockland,RocklandNY2011,80765
2012,NY,Rockland,RocklandNY2012,81517
2013,NY,Rockland,RocklandNY2013,80132
2014,NY,Rockland,RocklandNY2014,83162
2015,NY,Rockland,RocklandNY2015,84249
2016,NY,Rockland,RocklandNY2016,84358
2017,NY,Rockland,RocklandNY2017,87873
2018,NY,Rockland,RocklandNY2018,88960
2019,NY,Rockland,RocklandNY2019,99831
2009,TN,Rutherford,RutherfordTN2009,53983
2010,TN,Rutherford,RutherfordTN2010,51815
2011,TN,Rutherford,RutherfordTN2011,52586
2012,TN,Rutherford,RutherfordTN2012,53566
2013,TN,Rutherford,RutherfordTN2013,57056
2014,TN,Rutherford,RutherfordTN2014,53799
2015,TN,Rutherford,RutherfordTN2015,60022
2016,TN,Rutherford,RutherfordTN2016,61232
2017,TN,Rutherford,RutherfordTN2017,68082
2018,TN,Rutherford,RutherfordTN2018,64170
2019,TN,Rutherford,RutherfordTN2019,69614
2009,ME,Sagadahoc,SagadahocME2009,54754
2010,ME,Sagadahoc,SagadahocME2010,52071
2011,ME,Sagadahoc,SagadahocME2011,52187
2012,ME,Sagadahoc,SagadahocME2012,51168
2013,ME,Sagadahoc,SagadahocME2013,52279
2014,ME,Sagadahoc,SagadahocME2014,55630
2015,ME,Sagadahoc,SagadahocME2015,55645
2016,ME,Sagadahoc,SagadahocME2016,59271
2017,ME,Sagadahoc,SagadahocME2017,61047
2018,ME,Sagadahoc,SagadahocME2018,65969
2019,ME,Sagadahoc,SagadahocME2019,65841
2009,AR,Saline,SalineAR2009,52630
2010,AR,Saline,SalineAR2010,53430
2011,AR,Saline,SalineAR2011,54372
2012,AR,Saline,SalineAR2012,57787
2013,AR,Saline,SalineAR2013,54921
2014,AR,Saline,SalineAR2014,55915
2015,AR,Saline,SalineAR2015,56926
2016,AR,Saline,SalineAR2016,63618
2017,AR,Saline,SalineAR2017,61384
2018,AR,Saline,SalineAR2018,63677
2019,AR,Saline,SalineAR2019,66944
2009,CA,SanBernardino,SanBernardinoCA2009,52137
2010,CA,SanBernardino,SanBernardinoCA2010,52270
2011,CA,SanBernardino,SanBernardinoCA2011,51017
2012,CA,SanBernardino,SanBernardinoCA2012,50603
2013,CA,SanBernardino,SanBernardinoCA2013,52112
2014,CA,SanBernardino,SanBernardinoCA2014,51951
2015,CA,SanBernardino,SanBernardinoCA2015,53526
2016,CA,SanBernardino,SanBernardinoCA2016,56194
2017,CA,SanBernardino,SanBernardinoCA2017,60270
2018,CA,SanBernardino,SanBernardinoCA2018,63310
2019,CA,SanBernardino,SanBernardinoCA2019,67398
2009,NM,Sandoval,SandovalNM2009,57378
2010,NM,Sandoval,SandovalNM2010,52778
2011,NM,Sandoval,SandovalNM2011,53948
2012,NM,Sandoval,SandovalNM2012,57376
2013,NM,Sandoval,SandovalNM2013,56190
2014,NM,Sandoval,SandovalNM2014,56142
2015,NM,Sandoval,SandovalNM2015,62833
2016,NM,Sandoval,SandovalNM2016,58621
2017,NM,Sandoval,SandovalNM2017,56937
2018,NM,Sandoval,SandovalNM2018,57036
2019,NM,Sandoval,SandovalNM2019,71118
2009,CA,SanFrancisco,SanFranciscoCA2009,70247
2010,CA,SanFrancisco,SanFranciscoCA2010,70883
2011,CA,SanFrancisco,SanFranciscoCA2011,69354
2012,CA,SanFrancisco,SanFranciscoCA2012,72093
2013,CA,SanFrancisco,SanFranciscoCA2013,76933
2014,CA,SanFrancisco,SanFranciscoCA2014,83788
2015,CA,SanFrancisco,SanFranciscoCA2015,90527
2016,CA,SanFrancisco,SanFranciscoCA2016,101873
2017,CA,SanFrancisco,SanFranciscoCA2017,109601
2018,CA,SanFrancisco,SanFranciscoCA2018,110601
2019,CA,SanFrancisco,SanFranciscoCA2019,121795
2009,CA,SanJoaquin,SanJoaquinCA2009,52201
2010,CA,SanJoaquin,SanJoaquinCA2010,49742
2011,CA,SanJoaquin,SanJoaquinCA2011,50376
2012,CA,SanJoaquin,SanJoaquinCA2012,50431
2013,CA,SanJoaquin,SanJoaquinCA2013,51219
2014,CA,SanJoaquin,SanJoaquinCA2014,51527
2015,CA,SanJoaquin,SanJoaquinCA2015,53341
2016,CA,SanJoaquin,SanJoaquinCA2016,59038
2017,CA,SanJoaquin,SanJoaquinCA2017,60950
2018,CA,SanJoaquin,SanJoaquinCA2018,63567
2019,CA,SanJoaquin,SanJoaquinCA2019,68458
2009,NY,Saratoga,SaratogaNY2009,66634
2010,NY,Saratoga,SaratogaNY2010,65508
2011,NY,Saratoga,SaratogaNY2011,64298
2012,NY,Saratoga,SaratogaNY2012,66677
2013,NY,Saratoga,SaratogaNY2013,69917
2014,NY,Saratoga,SaratogaNY2014,71885
2015,NY,Saratoga,SaratogaNY2015,75029
2016,NY,Saratoga,SaratogaNY2016,75904
2017,NY,Saratoga,SaratogaNY2017,82732
2018,NY,Saratoga,SaratogaNY2018,83210
2019,NY,Saratoga,SaratogaNY2019,89071
2009,NE,Sarpy,SarpyNE2009,67541
2010,NE,Sarpy,SarpyNE2010,69501
2011,NE,Sarpy,SarpyNE2011,65801
2012,NE,Sarpy,SarpyNE2012,68118
2013,NE,Sarpy,SarpyNE2013,67740
2014,NE,Sarpy,SarpyNE2014,74008
2015,NE,Sarpy,SarpyNE2015,73856
2016,NE,Sarpy,SarpyNE2016,74374
2017,NE,Sarpy,SarpyNE2017,80842
2018,NE,Sarpy,SarpyNE2018,79358
2019,NE,Sarpy,SarpyNE2019,84016
2009,KY,Scott,ScottKY2009,58595
2010,KY,Scott,ScottKY2010,56791
2011,KY,Scott,ScottKY2011,58164
2012,KY,Scott,ScottKY2012,63063
2013,KY,Scott,ScottKY2013,61906
2014,KY,Scott,ScottKY2014,61989
2015,KY,Scott,ScottKY2015,63775
2016,KY,Scott,ScottKY2016,64809
2017,KY,Scott,ScottKY2017,67234
2018,KY,Scott,ScottKY2018,73500
2019,KY,Scott,ScottKY2019,74719
2009,MN,Scott,ScottMN2009,84128
2010,MN,Scott,ScottMN2010,78307
2011,MN,Scott,ScottMN2011,81586
2012,MN,Scott,ScottMN2012,86324
2013,MN,Scott,ScottMN2013,85481
2014,MN,Scott,ScottMN2014,91688
2015,MN,Scott,ScottMN2015,92898
2016,MN,Scott,ScottMN2016,91046
2017,MN,Scott,ScottMN2017,99685
2018,MN,Scott,ScottMN2018,101427
2019,MN,Scott,ScottMN2019,108718
2009,AL,Shelby,ShelbyAL2009,65408
2010,AL,Shelby,ShelbyAL2010,67135
2011,AL,Shelby,ShelbyAL2011,66362
2012,AL,Shelby,ShelbyAL2012,67244
2013,AL,Shelby,ShelbyAL2013,68718
2014,AL,Shelby,ShelbyAL2014,69432
2015,AL,Shelby,ShelbyAL2015,70879
2016,AL,Shelby,ShelbyAL2016,74212
2017,AL,Shelby,ShelbyAL2017,74098
2018,AL,Shelby,ShelbyAL2018,75663
2019,AL,Shelby,ShelbyAL2019,77801
2009,KY,Shelby,ShelbyKY2009,51439
2010,KY,Shelby,ShelbyKY2010,51845
2011,KY,Shelby,ShelbyKY2011,51021
2012,KY,Shelby,ShelbyKY2012,56021
2013,KY,Shelby,ShelbyKY2013,56808
2014,KY,Shelby,ShelbyKY2014,57447
2015,KY,Shelby,ShelbyKY2015,60189
2016,KY,Shelby,ShelbyKY2016,61700
2017,KY,Shelby,ShelbyKY2017,65054
2018,KY,Shelby,ShelbyKY2018,66056
2019,KY,Shelby,ShelbyKY2019,71737
2009,MN,Sherburne,SherburneMN2009,71728
2010,MN,Sherburne,SherburneMN2010,69699
2011,MN,Sherburne,SherburneMN2011,68646
2012,MN,Sherburne,SherburneMN2012,69865
2013,MN,Sherburne,SherburneMN2013,74915
2014,MN,Sherburne,SherburneMN2014,76512
2015,MN,Sherburne,SherburneMN2015,79495
2016,MN,Sherburne,SherburneMN2016,83304
2017,MN,Sherburne,SherburneMN2017,87094
2018,MN,Sherburne,SherburneMN2018,81850
2019,MN,Sherburne,SherburneMN2019,95323
2009,AK,Skagway,SkagwayAK2009,63947
2010,AK,Skagway,SkagwayAK2010,58550
2011,AK,Skagway,SkagwayAK2011,61025
2012,AK,Skagway,SkagwayAK2012,65379
2013,AK,Skagway,SkagwayAK2013,63930
2014,AK,Skagway,SkagwayAK2014,69170
2015,AK,Skagway,SkagwayAK2015,65878
2016,AK,Skagway,SkagwayAK2016,65112
2017,AK,Skagway,SkagwayAK2017,66991
2018,AK,Skagway,SkagwayAK2018,74635
2019,AK,Skagway,SkagwayAK2019,74898
2009,WA,Snohomish,SnohomishWA2009,64677
2010,WA,Snohomish,SnohomishWA2010,63391
2011,WA,Snohomish,SnohomishWA2011,63766
2012,WA,Snohomish,SnohomishWA2012,67068
2013,WA,Snohomish,SnohomishWA2013,67443
2014,WA,Snohomish,SnohomishWA2014,71890
2015,WA,Snohomish,SnohomishWA2015,76053
2016,WA,Snohomish,SnohomishWA2016,78582
2017,WA,Snohomish,SnohomishWA2017,82405
2018,WA,Snohomish,SnohomishWA2018,87096
2019,WA,Snohomish,SnohomishWA2019,89119
2009,KY,Spencer,SpencerKY2009,63218
2010,KY,Spencer,SpencerKY2010,62579
2011,KY,Spencer,SpencerKY2011,62347
2012,KY,Spencer,SpencerKY2012,65038
2013,KY,Spencer,SpencerKY2013,66711
2014,KY,Spencer,SpencerKY2014,67437
2015,KY,Spencer,SpencerKY2015,68147
2016,KY,Spencer,SpencerKY2016,71156
2017,KY,Spencer,SpencerKY2017,80808
2018,KY,Spencer,SpencerKY2018,85899
2019,KY,Spencer,SpencerKY2019,79863
2009,ND,Stark,StarkND2009,51385
2010,ND,Stark,StarkND2010,49736
2011,ND,Stark,StarkND2011,55492
2012,ND,Stark,StarkND2012,63886
2013,ND,Stark,StarkND2013,69566
2014,ND,Stark,StarkND2014,76672
2015,ND,Stark,StarkND2015,76844
2016,ND,Stark,StarkND2016,78604
2017,ND,Stark,StarkND2017,66925
2018,ND,Stark,StarkND2018,71888
2019,ND,Stark,StarkND2019,68759
2009,LA,StBernard,StBernardLA2009,36660
2010,LA,StBernard,StBernardLA2010,38700
2011,LA,StBernard,StBernardLA2011,38068
2012,LA,StBernard,StBernardLA2012,40900
2013,LA,StBernard,StBernardLA2013,40705
2014,LA,StBernard,StBernardLA2014,45615
2015,LA,StBernard,StBernardLA2015,41540
2016,LA,StBernard,StBernardLA2016,39450
2017,LA,StBernard,StBernardLA2017,44553
2018,LA,StBernard,StBernardLA2018,43983
2019,LA,StBernard,StBernardLA2019,45806
2009,WI,StCroix,StCroixWI2009,67049
2010,WI,StCroix,StCroixWI2010,64990
2011,WI,StCroix,StCroixWI2011,64490
2012,WI,StCroix,StCroixWI2012,69436
2013,WI,StCroix,StCroixWI2013,69641
2014,WI,StCroix,StCroixWI2014,75920
2015,WI,StCroix,StCroixWI2015,74624
2016,WI,StCroix,StCroixWI2016,75619
2017,WI,StCroix,StCroixWI2017,82253
2018,WI,StCroix,StCroixWI2018,82575
2019,WI,StCroix,StCroixWI2019,87098
2009,FL,StJohns,StJohnsFL2009,62180
2010,FL,StJohns,StJohnsFL2010,60841
2011,FL,StJohns,StJohnsFL2011,63299
2012,FL,StJohns,StJohnsFL2012,62112
2013,FL,StJohns,StJohnsFL2013,66312
2014,FL,StJohns,StJohnsFL2014,66560
2015,FL,StJohns,StJohnsFL2015,71896
2016,FL,StJohns,StJohnsFL2016,78544
2017,FL,StJohns,StJohnsFL2017,77022
2018,FL,StJohns,StJohnsFL2018,81925
2019,FL,StJohns,StJohnsFL2019,90839
2009,MO,StLouis,StLouisMO2009,56939
2010,MO,StLouis,StLouisMO2010,55290
2011,MO,StLouis,StLouisMO2011,55131
2012,MO,StLouis,StLouisMO2012,56409
2013,MO,StLouis,StLouisMO2013,59284
2014,MO,StLouis,StLouisMO2014,60093
2015,MO,StLouis,StLouisMO2015,61569
2016,MO,StLouis,StLouisMO2016,62756
2017,MO,StLouis,StLouisMO2017,64926
2018,MO,StLouis,StLouisMO2018,66992
2019,MO,StLouis,StLouisMO2019,70161
2009,MD,StMarys,StMarysMD2009,71316
2010,MD,StMarys,StMarysMD2010,81559
2011,MD,StMarys,StMarysMD2011,80943
2012,MD,StMarys,StMarysMD2012,85478
2013,MD,StMarys,StMarysMD2013,78274
2014,MD,StMarys,StMarysMD2014,84686
2015,MD,StMarys,StMarysMD2015,83148
2016,MD,StMarys,StMarysMD2016,80049
2017,MD,StMarys,StMarysMD2017,82433
2018,MD,StMarys,StMarysMD2018,89964
2019,MD,StMarys,StMarysMD2019,89123
2009,NH,Strafford,StraffordNH2009,55415
2010,NH,Strafford,StraffordNH2010,52527
2011,NH,Strafford,StraffordNH2011,54783
2012,NH,Strafford,StraffordNH2012,53575
2013,NH,Strafford,StraffordNH2013,59290
2014,NH,Strafford,StraffordNH2014,58577
2015,NH,Strafford,StraffordNH2015,60931
2016,NH,Strafford,StraffordNH2016,69467
2017,NH,Strafford,StraffordNH2017,68864
2018,NH,Strafford,StraffordNH2018,69919
2019,NH,Strafford,StraffordNH2019,71486
2009,LA,StTammany,StTammanyLA2009,58868
2010,LA,StTammany,StTammanyLA2010,59389
2011,LA,StTammany,StTammanyLA2011,57694
2012,LA,StTammany,StTammanyLA2012,58383
2013,LA,StTammany,StTammanyLA2013,61655
2014,LA,StTammany,StTammanyLA2014,63441
2015,LA,StTammany,StTammanyLA2015,63499
2016,LA,StTammany,StTammanyLA2016,65861
2017,LA,StTammany,StTammanyLA2017,67926
2018,LA,StTammany,StTammanyLA2018,67054
2019,LA,StTammany,StTammanyLA2019,71526
2009,MA,Suffolk,SuffolkMA2009,53751
2010,MA,Suffolk,SuffolkMA2010,49584
2011,MA,Suffolk,SuffolkMA2011,49033
2012,MA,Suffolk,SuffolkMA2012,50884
2013,MA,Suffolk,SuffolkMA2013,54164
2014,MA,Suffolk,SuffolkMA2014,54280
2015,MA,Suffolk,SuffolkMA2015,56530
2016,MA,Suffolk,SuffolkMA2016,61367
2017,MA,Suffolk,SuffolkMA2017,65999
2018,MA,Suffolk,SuffolkMA2018,68743
2019,MA,Suffolk,SuffolkMA2019,75843
2009,FL,Sumter,SumterFL2009,46586
2010,FL,Sumter,SumterFL2010,45165
2011,FL,Sumter,SumterFL2011,44595
2012,FL,Sumter,SumterFL2012,47017
2013,FL,Sumter,SumterFL2013,52670
2014,FL,Sumter,SumterFL2014,51907
2015,FL,Sumter,SumterFL2015,54592
2016,FL,Sumter,SumterFL2016,56568
2017,FL,Sumter,SumterFL2017,57931
2018,FL,Sumter,SumterFL2018,55324
2019,FL,Sumter,SumterFL2019,63464
2009,FL,Sumter,SumterFL2009,42854
2010,FL,Sumter,SumterFL2010,44622
2011,FL,Sumter,SumterFL2011,44763
2012,FL,Sumter,SumterFL2012,40239
2013,FL,Sumter,SumterFL2013,45357
2014,FL,Sumter,SumterFL2014,46867
2015,FL,Sumter,SumterFL2015,47875
2016,FL,Sumter,SumterFL2016,54686
2017,FL,Sumter,SumterFL2017,52922
2018,FL,Sumter,SumterFL2018,60973
2019,FL,Sumter,SumterFL2019,62600
2009,DE,Sussex,SussexDE2009,50024
2010,DE,Sussex,SussexDE2010,48582
2011,DE,Sussex,SussexDE2011,51060
2012,DE,Sussex,SussexDE2012,48684
2013,DE,Sussex,SussexDE2013,50207
2014,DE,Sussex,SussexDE2014,53316
2015,DE,Sussex,SussexDE2015,54309
2016,DE,Sussex,SussexDE2016,56618
2017,DE,Sussex,SussexDE2017,61124
2018,DE,Sussex,SussexDE2018,59821
2019,DE,Sussex,SussexDE2019,64839
2009,LA,Tangipahoa,TangipahoaLA2009,37238
2010,LA,Tangipahoa,TangipahoaLA2010,37454
2011,LA,Tangipahoa,TangipahoaLA2011,38420
2012,LA,Tangipahoa,TangipahoaLA2012,36573
2013,LA,Tangipahoa,TangipahoaLA2013,40228
2014,LA,Tangipahoa,TangipahoaLA2014,39927
2015,LA,Tangipahoa,TangipahoaLA2015,41768
2016,LA,Tangipahoa,TangipahoaLA2016,44625
2017,LA,Tangipahoa,TangipahoaLA2017,44256
2018,LA,Tangipahoa,TangipahoaLA2018,47128
2019,LA,Tangipahoa,TangipahoaLA2019,47860
2009,ID,Teton,TetonID2009,57999
2010,ID,Teton,TetonID2010,52272
2011,ID,Teton,TetonID2011,51561
2012,ID,Teton,TetonID2012,54231
2013,ID,Teton,TetonID2013,52650
2014,ID,Teton,TetonID2014,57644
2015,ID,Teton,TetonID2015,58013
2016,ID,Teton,TetonID2016,60745
2017,ID,Teton,TetonID2017,63168
2018,ID,Teton,TetonID2018,68749
2019,ID,Teton,TetonID2019,73637
2009,WY,Teton,TetonWY2009,68777
2010,WY,Teton,TetonWY2010,68358
2011,WY,Teton,TetonWY2011,69095
2012,WY,Teton,TetonWY2012,66592
2013,WY,Teton,TetonWY2013,70201
2014,WY,Teton,TetonWY2014,75348
2015,WY,Teton,TetonWY2015,83290
2016,WY,Teton,TetonWY2016,84118
2017,WY,Teton,TetonWY2017,90145
2018,WY,Teton,TetonWY2018,99087
2019,WY,Teton,TetonWY2019,98837
2009,IN,Tippecanoe,TippecanoeIN2009,41917
2010,IN,Tippecanoe,TippecanoeIN2010,41722
2011,IN,Tippecanoe,TippecanoeIN2011,43339
2012,IN,Tippecanoe,TippecanoeIN2012,43529
2013,IN,Tippecanoe,TippecanoeIN2013,47808
2014,IN,Tippecanoe,TippecanoeIN2014,46276
2015,IN,Tippecanoe,TippecanoeIN2015,50170
2016,IN,Tippecanoe,TippecanoeIN2016,51385
2017,IN,Tippecanoe,TippecanoeIN2017,52858
2018,IN,Tippecanoe,TippecanoeIN2018,52269
2019,IN,Tippecanoe,TippecanoeIN2019,51228
2009,CT,Tolland,TollandCT2009,78471
2010,CT,Tolland,TollandCT2010,74868
2011,CT,Tolland,TollandCT2011,77124
2012,CT,Tolland,TollandCT2012,75048
2013,CT,Tolland,TollandCT2013,73660
2014,CT,Tolland,TollandCT2014,78653
2015,CT,Tolland,TollandCT2015,81616
2016,CT,Tolland,TollandCT2016,81369
2017,CT,Tolland,TollandCT2017,75571
2018,CT,Tolland,TollandCT2018,89584
2019,CT,Tolland,TollandCT2019,90181
2009,UT,Tooele,TooeleUT2009,56053
2010,UT,Tooele,TooeleUT2010,60541
2011,UT,Tooele,TooeleUT2011,61719
2012,UT,Tooele,TooeleUT2012,61927
2013,UT,Tooele,TooeleUT2013,59400
2014,UT,Tooele,TooeleUT2014,64193
2015,UT,Tooele,TooeleUT2015,67938
2016,UT,Tooele,TooeleUT2016,64675
2017,UT,Tooele,TooeleUT2017,72198
2018,UT,Tooele,TooeleUT2018,73584
2019,UT,Tooele,TooeleUT2019,80196
2009,TN,Trousdale,TrousdaleTN2009,38985
2010,TN,Trousdale,TrousdaleTN2010,35824
2011,TN,Trousdale,TrousdaleTN2011,38541
2012,TN,Trousdale,TrousdaleTN2012,41823
2013,TN,Trousdale,TrousdaleTN2013,41286
2014,TN,Trousdale,TrousdaleTN2014,40251
2015,TN,Trousdale,TrousdaleTN2015,47531
2016,TN,Trousdale,TrousdaleTN2016,44971
2017,TN,Trousdale,TrousdaleTN2017,49711
2018,TN,Trousdale,TrousdaleTN2018,49280
2019,TN,Trousdale,TrousdaleTN2019,51982
2009,NJ,Union,UnionNJ2009,64588
2010,NJ,Union,UnionNJ2010,65937
2011,NJ,Union,UnionNJ2011,65178
2012,NJ,Union,UnionNJ2012,64698
2013,NJ,Union,UnionNJ2013,64272
2014,NJ,Union,UnionNJ2014,68172
2015,NJ,Union,UnionNJ2015,70581
2016,NJ,Union,UnionNJ2016,71801
2017,NJ,Union,UnionNJ2017,76830
2018,NJ,Union,UnionNJ2018,80737
2019,NJ,Union,UnionNJ2019,79953
2009,OH,Union,UnionOH2009,63122
2010,OH,Union,UnionOH2010,63233
2011,OH,Union,UnionOH2011,64403
2012,OH,Union,UnionOH2012,63378
2013,OH,Union,UnionOH2013,68650
2014,OH,Union,UnionOH2014,69900
2015,OH,Union,UnionOH2015,76116
2016,OH,Union,UnionOH2016,78796
2017,OH,Union,UnionOH2017,86609
2018,OH,Union,UnionOH2018,84861
2019,OH,Union,UnionOH2019,91597
2009,UT,Utah,UtahUT2009,57471
2010,UT,Utah,UtahUT2010,54385
2011,UT,Utah,UtahUT2011,58077
2012,UT,Utah,UtahUT2012,58167
2013,UT,Utah,UtahUT2013,60069
2014,UT,Utah,UtahUT2014,60957
2015,UT,Utah,UtahUT2015,65425
2016,UT,Utah,UtahUT2016,69568
2017,UT,Utah,UtahUT2017,70461
2018,UT,Utah,UtahUT2018,75296
2019,UT,Utah,UtahUT2019,79505
2009,ID,Valley,ValleyID2009,47457
2010,ID,Valley,ValleyID2010,45248
2011,ID,Valley,ValleyID2011,46210
2012,ID,Valley,ValleyID2012,46314
2013,ID,Valley,ValleyID2013,48879
2014,ID,Valley,ValleyID2014,49380
2015,ID,Valley,ValleyID2015,51774
2016,ID,Valley,ValleyID2016,58738
2017,ID,Valley,ValleyID2017,56532
2018,ID,Valley,ValleyID2018,60285
2019,ID,Valley,ValleyID2019,64041
2009,OK,Wagoner,WagonerOK2009,55948
2010,OK,Wagoner,WagonerOK2010,56216
2011,OK,Wagoner,WagonerOK2011,52717
2012,OK,Wagoner,WagonerOK2012,54839
2013,OK,Wagoner,WagonerOK2013,53098
2014,OK,Wagoner,WagonerOK2014,58921
2015,OK,Wagoner,WagonerOK2015,57948
2016,OK,Wagoner,WagonerOK2016,61882
2017,OK,Wagoner,WagonerOK2017,59466
2018,OK,Wagoner,WagonerOK2018,62889
2019,OK,Wagoner,WagonerOK2019,65191
2009,NC,Wake,WakeNC2009,63770
2010,NC,Wake,WakeNC2010,61594
2011,NC,Wake,WakeNC2011,62436
2012,NC,Wake,WakeNC2012,64107
2013,NC,Wake,WakeNC2013,65433
2014,NC,Wake,WakeNC2014,66950
2015,NC,Wake,WakeNC2015,70629
2016,NC,Wake,WakeNC2016,76173
2017,NC,Wake,WakeNC2017,77641
2018,NC,Wake,WakeNC2018,80169
2019,NC,Wake,WakeNC2019,84377
2009,ME,Waldo,WaldoME2009,40423
2010,ME,Waldo,WaldoME2010,37986
2011,ME,Waldo,WaldoME2011,41888
2012,ME,Waldo,WaldoME2012,39917
2013,ME,Waldo,WaldoME2013,43203
2014,ME,Waldo,WaldoME2014,46598
2015,ME,Waldo,WaldoME2015,43198
2016,ME,Waldo,WaldoME2016,48422
2017,ME,Waldo,WaldoME2017,54547
2018,ME,Waldo,WaldoME2018,49482
2019,ME,Waldo,WaldoME2019,51073
2009,IA,Warren,WarrenIA2009,60253
2010,IA,Warren,WarrenIA2010,62036
2011,IA,Warren,WarrenIA2011,62688
2012,IA,Warren,WarrenIA2012,63310
2013,IA,Warren,WarrenIA2013,66328
2014,IA,Warren,WarrenIA2014,67342
2015,IA,Warren,WarrenIA2015,67728
2016,IA,Warren,WarrenIA2016,74031
2017,IA,Warren,WarrenIA2017,76146
2018,IA,Warren,WarrenIA2018,78192
2019,IA,Warren,WarrenIA2019,79557
2009,KY,Warren,WarrenKY2009,43316
2010,KY,Warren,WarrenKY2010,41001
2011,KY,Warren,WarrenKY2011,40026
2012,KY,Warren,WarrenKY2012,42514
2013,KY,Warren,WarrenKY2013,48137
2014,KY,Warren,WarrenKY2014,48925
2015,KY,Warren,WarrenKY2015,45964
2016,KY,Warren,WarrenKY2016,47253
2017,KY,Warren,WarrenKY2017,49966
2018,KY,Warren,WarrenKY2018,53478
2019,KY,Warren,WarrenKY2019,53238
2009,OH,Warren,WarrenOH2009,68798
2010,OH,Warren,WarrenOH2010,67172
2011,OH,Warren,WarrenOH2011,70245
2012,OH,Warren,WarrenOH2012,73598
2013,OH,Warren,WarrenOH2013,75041
2014,OH,Warren,WarrenOH2014,72973
2015,OH,Warren,WarrenOH2015,81383
2016,OH,Warren,WarrenOH2016,81543
2017,OH,Warren,WarrenOH2017,85532
2018,OH,Warren,WarrenOH2018,87391
2019,OH,Warren,WarrenOH2019,91645
2009,UT,Wasatch,WasatchUT2009,61609
2010,UT,Wasatch,WasatchUT2010,61593
2011,UT,Wasatch,WasatchUT2011,56379
2012,UT,Wasatch,WasatchUT2012,62014
2013,UT,Wasatch,WasatchUT2013,64423
2014,UT,Wasatch,WasatchUT2014,65207
2015,UT,Wasatch,WasatchUT2015,75112
2016,UT,Wasatch,WasatchUT2016,73077
2017,UT,Wasatch,WasatchUT2017,83344
2018,UT,Wasatch,WasatchUT2018,85380
2019,UT,Wasatch,WasatchUT2019,92136
2009,AR,Washington,WashingtonAR2009,41098
2010,AR,Washington,WashingtonAR2010,39692
2011,AR,Washington,WashingtonAR2011,39230
2012,AR,Washington,WashingtonAR2012,41856
2013,AR,Washington,WashingtonAR2013,43302
2014,AR,Washington,WashingtonAR2014,45589
2015,AR,Washington,WashingtonAR2015,46418
2016,AR,Washington,WashingtonAR2016,46367
2017,AR,Washington,WashingtonAR2017,50400
2018,AR,Washington,WashingtonAR2018,50893
2019,AR,Washington,WashingtonAR2019,52158
2009,MN,Washington,WashingtonMN2009,75421
2010,MN,Washington,WashingtonMN2010,77591
2011,MN,Washington,WashingtonMN2011,77069
2012,MN,Washington,WashingtonMN2012,80647
2013,MN,Washington,WashingtonMN2013,81052
2014,MN,Washington,WashingtonMN2014,84113
2015,MN,Washington,WashingtonMN2015,88329
2016,MN,Washington,WashingtonMN2016,90755
2017,MN,Washington,WashingtonMN2017,92582
2018,MN,Washington,WashingtonMN2018,95840
2019,MN,Washington,WashingtonMN2019,100857
2009,OR,Washington,WashingtonOR2009,61022
2010,OR,Washington,WashingtonOR2010,60555
2011,OR,Washington,WashingtonOR2011,62463
2012,OR,Washington,WashingtonOR2012,63566
2013,OR,Washington,WashingtonOR2013,63632
2014,OR,Washington,WashingtonOR2014,66315
2015,OR,Washington,WashingtonOR2015,70417
2016,OR,Washington,WashingtonOR2016,75577
2017,OR,Washington,WashingtonOR2017,80845
2018,OR,Washington,WashingtonOR2018,82819
2019,OR,Washington,WashingtonOR2019,85665
2009,RI,Washington,WashingtonRI2009,66705
2010,RI,Washington,WashingtonRI2010,67195
2011,RI,Washington,WashingtonRI2011,68539
2012,RI,Washington,WashingtonRI2012,69150
2013,RI,Washington,WashingtonRI2013,69267
2014,RI,Washington,WashingtonRI2014,70705
2015,RI,Washington,WashingtonRI2015,71951
2016,RI,Washington,WashingtonRI2016,77000
2017,RI,Washington,WashingtonRI2017,78599
2018,RI,Washington,WashingtonRI2018,86715
2019,RI,Washington,WashingtonRI2019,86450
2009,UT,Washington,WashingtonUT2009,46596
2010,UT,Washington,WashingtonUT2010,48247
2011,UT,Washington,WashingtonUT2011,46001
2012,UT,Washington,WashingtonUT2012,45305
2013,UT,Washington,WashingtonUT2013,50378
2014,UT,Washington,WashingtonUT2014,50169
2015,UT,Washington,WashingtonUT2015,54398
2016,UT,Washington,WashingtonUT2016,54876
2017,UT,Washington,WashingtonUT2017,55518
2018,UT,Washington,WashingtonUT2018,57069
2019,UT,Washington,WashingtonUT2019,64388
2009,NV,Washoe,WashoeNV2009,53036
2010,NV,Washoe,WashoeNV2010,50839
2011,NV,Washoe,WashoeNV2011,50910
2012,NV,Washoe,WashoeNV2012,49449
2013,NV,Washoe,WashoeNV2013,53565
2014,NV,Washoe,WashoeNV2014,52862
2015,NV,Washoe,WashoeNV2015,56457
2016,NV,Washoe,WashoeNV2016,58253
2017,NV,Washoe,WashoeNV2017,61506
2018,NV,Washoe,WashoeNV2018,63636
2019,NV,Washoe,WashoeNV2019,71733
2009,MI,Washtenaw,WashtenawMI2009,54939
2010,MI,Washtenaw,WashtenawMI2010,56177
2011,MI,Washtenaw,WashtenawMI2011,56789
2012,MI,Washtenaw,WashtenawMI2012,56618
2013,MI,Washtenaw,WashtenawMI2013,59965
2014,MI,Washtenaw,WashtenawMI2014,62861
2015,MI,Washtenaw,WashtenawMI2015,62401
2016,MI,Washtenaw,WashtenawMI2016,66040
2017,MI,Washtenaw,WashtenawMI2017,70509
2018,MI,Washtenaw,WashtenawMI2018,72267
2019,MI,Washtenaw,WashtenawMI2019,76728
2009,CO,Weld,WeldCO2009,54578
2010,CO,Weld,WeldCO2010,52334
2011,CO,Weld,WeldCO2011,51773
2012,CO,Weld,WeldCO2012,55332
2013,CO,Weld,WeldCO2013,58404
2014,CO,Weld,WeldCO2014,61501
2015,CO,Weld,WeldCO2015,69434
2016,CO,Weld,WeldCO2016,63609
2017,CO,Weld,WeldCO2017,68679
2018,CO,Weld,WeldCO2018,75629
2019,CO,Weld,WeldCO2019,78160
2009,ND,Williams,WilliamsND2009,53958
2010,ND,Williams,WilliamsND2010,56689
2011,ND,Williams,WilliamsND2011,67492
2012,ND,Williams,WilliamsND2012,79265
2013,ND,Williams,WilliamsND2013,84237
2014,ND,Williams,WilliamsND2014,86354
2015,ND,Williams,WilliamsND2015,89860
2016,ND,Williams,WilliamsND2016,81719
2017,ND,Williams,WilliamsND2017,80161
2018,ND,Williams,WilliamsND2018,79354
2019,ND,Williams,WilliamsND2019,84606
2009,TN,Williamson,WilliamsonTN2009,87474
2010,TN,Williamson,WilliamsonTN2010,82273
2011,TN,Williamson,WilliamsonTN2011,90207
2012,TN,Williamson,WilliamsonTN2012,93003
2013,TN,Williamson,WilliamsonTN2013,93241
2014,TN,Williamson,WilliamsonTN2014,97936
2015,TN,Williamson,WilliamsonTN2015,104367
2016,TN,Williamson,WilliamsonTN2016,107942
2017,TN,Williamson,WilliamsonTN2017,111427
2018,TN,Williamson,WilliamsonTN2018,115930
2019,TN,Williamson,WilliamsonTN2019,119637
2009,TX,Williamson,WilliamsonTX2009,69862
2010,TX,Williamson,WilliamsonTX2010,66152
2011,TX,Williamson,WilliamsonTX2011,70276
2012,TX,Williamson,WilliamsonTX2012,71272
2013,TX,Williamson,WilliamsonTX2013,71252
2014,TX,Williamson,WilliamsonTX2014,73098
2015,TX,Williamson,WilliamsonTX2015,78531
2016,TX,Williamson,WilliamsonTX2016,82370
2017,TX,Williamson,WilliamsonTX2017,82131
2018,TX,Williamson,WilliamsonTX2018,87817
2019,TX,Williamson,WilliamsonTX2019,92661
2009,TN,Wilson,WilsonTN2009,60616
2010,TN,Wilson,WilsonTN2010,56270
2011,TN,Wilson,WilsonTN2011,59769
2012,TN,Wilson,WilsonTN2012,57676
2013,TN,Wilson,WilsonTN2013,59655
2014,TN,Wilson,WilsonTN2014,60955
2015,TN,Wilson,WilsonTN2015,65372
2016,TN,Wilson,WilsonTN2016,70955
2017,TN,Wilson,WilsonTN2017,70674
2018,TN,Wilson,WilsonTN2018,76507
2019,TN,Wilson,WilsonTN2019,80080
2009,CT,Windham,WindhamCT2009,56342
2010,CT,Windham,WindhamCT2010,56564
2011,CT,Windham,WindhamCT2011,54911
2012,CT,Windham,WindhamCT2012,54221
2013,CT,Windham,WindhamCT2013,55948
2014,CT,Windham,WindhamCT2014,57547
2015,CT,Windham,WindhamCT2015,61303
2016,CT,Windham,WindhamCT2016,60869
2017,CT,Windham,WindhamCT2017,62606
2018,CT,Windham,WindhamCT2018,65182
2019,CT,Windham,WindhamCT2019,63309
2009,MN,Wright,WrightMN2009,67171
2010,MN,Wright,WrightMN2010,66714
2011,MN,Wright,WrightMN2011,68387
2012,MN,Wright,WrightMN2012,72216
2013,MN,Wright,WrightMN2013,71999
2014,MN,Wright,WrightMN2014,76489
2015,MN,Wright,WrightMN2015,76407
2016,MN,Wright,WrightMN2016,76256
2017,MN,Wright,WrightMN2017,80805
2018,MN,Wright,WrightMN2018,87377
2019,MN,Wright,WrightMN2019,91374
2009,KS,Wyandotte,WyandotteKS2009,37341
2010,KS,Wyandotte,WyandotteKS2010,37805
2011,KS,Wyandotte,WyandotteKS2011,38016
2012,KS,Wyandotte,WyandotteKS2012,37780
2013,KS,Wyandotte,WyandotteKS2013,38728
2014,KS,Wyandotte,WyandotteKS2014,37087
2015,KS,Wyandotte,WyandotteKS2015,41746
2016,KS,Wyandotte,WyandotteKS2016,43396
2017,KS,Wyandotte,WyandotteKS2017,46032
2018,KS,Wyandotte,WyandotteKS2018,47084
2019,KS,Wyandotte,WyandotteKS2019,47292
2009,AZ,Yavapai,YavapaiAZ2009,40837
2010,AZ,Yavapai,YavapaiAZ2010,40562
2011,AZ,Yavapai,YavapaiAZ2011,41437
2012,AZ,Yavapai,YavapaiAZ2012,43397
2013,AZ,Yavapai,YavapaiAZ2013,40486
2014,AZ,Yavapai,YavapaiAZ2014,44145
2015,AZ,Yavapai,YavapaiAZ2015,47220
2016,AZ,Yavapai,YavapaiAZ2016,49824
2017,AZ,Yavapai,YavapaiAZ2017,49860
2018,AZ,Yavapai,YavapaiAZ2018,48758
2019,AZ,Yavapai,YavapaiAZ2019,54242
2009,CA,Yolo,YoloCA2009,56120
2010,CA,Yolo,YoloCA2010,54433
2011,CA,Yolo,YoloCA2011,50174
2012,CA,Yolo,YoloCA2012,51040
2013,CA,Yolo,YoloCA2013,55011
2014,CA,Yolo,YoloCA2014,54509
2015,CA,Yolo,YoloCA2015,58766
2016,CA,Yolo,YoloCA2016,63645
2017,CA,Yolo,YoloCA2017,64900
2018,CA,Yolo,YoloCA2018,67804
2019,CA,Yolo,YoloCA2019,70951
2009,ME,York,YorkME2009,54134
2010,ME,York,YorkME2010,54076
2011,ME,York,YorkME2011,55725
2012,ME,York,YorkME2012,52663
2013,ME,York,YorkME2013,55163
2014,ME,York,YorkME2014,55482
2015,ME,York,YorkME2015,61340
2016,ME,York,YorkME2016,60520
2017,ME,York,YorkME2017,66025
2018,ME,York,YorkME2018,65984
2019,ME,York,YorkME2019,66803
2009,SC,York,YorkSC2009,50644
2010,SC,York,YorkSC2010,51403
2011,SC,York,YorkSC2011,51017
2012,SC,York,YorkSC2012,51427
2013,SC,York,YorkSC2013,54927
2014,SC,York,YorkSC2014,54196
2015,SC,York,YorkSC2015,57302
2016,SC,York,YorkSC2016,61044
2017,SC,York,YorkSC2017,62620
2018,SC,York,YorkSC2018,64904
2019,SC,York,YorkSC2019,68468
2009,AZ,Yuma,YumaAZ2009,38251
2010,AZ,Yuma,YumaAZ2010,40609
2011,AZ,Yuma,YumaAZ2011,37894
2012,AZ,Yuma,YumaAZ2012,39072
2013,AZ,Yuma,YumaAZ2013,40498
2014,AZ,Yuma,YumaAZ2014,39700
2015,AZ,Yuma,YumaAZ2015,40426
2016,AZ,Yuma,YumaAZ2016,42998
2017,AZ,Yuma,YumaAZ2017,46013
2018,AZ,Yuma,YumaAZ2018,44116
2019,AZ,Yuma,YumaAZ2019,47024
